,Unnamed: 0,店铺名称,用户名,评论
60870,0,韩国小胖料理自助烤肉,古娜拉倩,绝绝子！！！ 发现了这家宝藏店铺 坐车过来的 就在中医大对面 交院后街旁边挨着的！老板人超好 不忙的时候全程给我们烤肉剪肉 一大块一大块的肉肉 烤肉爱好者表示 真的太满足了 关键还自助！爱了爱了！哈哈哈哈哈哈哈「#套餐：单人烤肉自助」
60871,1,韩国小胖料理自助烤肉,胡胡胡胡砸,【韩国小胖烤肉】 这家小胖就开在学校对面，平时去吃也不用排队，很方便。只是比起另外几家店好像肉类要少一点，薄切五花和肥牛都蛮好吃的，不倒翁拉面煮出来也很好吃!! 阿姨的服务也蛮热情的，但是阿姨帮忙烤的骰子牛肉真的好油，不喜欢吃那个☹☹
60872,2,韩国小胖料理自助烤肉,奇葩的亲们,好吃 环境也还可以！59吃的超级饱！店面没有想象的大，但是叔叔阿姨都很好，肥牛好吃！我超喜欢那个酸黄瓜
60873,3,韩国小胖料理自助烤肉,DaehanJin,"我一般是周五和同学去吃，4个人及以下建议坐小桌子，小桌子的烤肉锅可以漏油下去，不会那么油腻。
人多的话就只有去石板桌了，桌子很大，石板也很大，优点是能烤很多，缺点是，太油！[哭惹R][哭惹R] 所以还是建议4人及以下去用餐！！！
	
在成都这是一家性价比很高的店铺了，毕竟还有免费可乐和各种免费配菜！！！在温江的小伙伴一定要冲呀！！！"
60874,4,韩国小胖料理自助烤肉,匿名用户,肉很好，吃的出来很新鲜，也没有太多调料，就撒了一点胡椒粉就可以，吃肉确实很爽，酱料也很棒，店里面的服务态度也很好，一来就给我们上菜，后面也一直帮我们注意着烤肉和拿菜。缺点可能就是种类太少了，自助的话还是建议多加一点小食和饮料，现在的话有点太腻了，吃完不是很舒服，因为全部都是烤出来的。
60875,5,韩国小胖料理自助烤肉,IZS346362951,等了好久才⚠️终于吃到了烧江南🔥！ 一直没有去因为排队的人实在太多了，并且要晚上蹲点抢券，蹲了两天，才买到的 [调皮]味道是非常不错的，简直了，它的肉就是很好吃很有嚼劲的那种 位置就在大学城那边很好找的地方
60876,6,韩国小胖料理自助烤肉,蜰cc,小胖一如既往好 吃了很多次了 五花肉肉真的绝赞 还想着吃！老板也很热情友好 交流很通畅 饮料也是自助随便喝 很棒 还有配菜也很韩国味 喜欢喜欢 每学期都有去吃上几次 这学期才算完整 嘿嘿 还没去感受过的朋友一定要去体验一次喔！
60877,7,韩国小胖料理自助烤肉,ther8361,爆好吃   超级好吃 推荐推荐有机会土豪女的地方复古女vhjhhbvghyvb好尴尬比较好吃不堵车怒今日财经也许vhduvfhj个华晨宇翻页笔今天触不可及黄头发v空调共和国办法个月日发各过各的女孩好的续保v的衣服凡人歌
60878,8,韩国小胖料理自助烤肉,VianneLi,怎么说呢，来过很多次了，之前的体验都不错，特别是店刚开，韩国老板还在店里的时候。第一次因为桌上剩了两三片肥牛多收了钱，不是我杠啊，你好好说啊，当着那么多客人你让我要不坐下把它吃完，我是来消费还是什么？还有我想问，一客一饮啊，每个人可以选一瓶饮料，我想说又不是无限量饮，每人就一瓶，怎么我现在没喝我就不能带走呢？我们在店里自己买了酒喝，走的时候把自己没喝的可乐带走，店长还追出来让我还回去。真的是笑了，我只能说真会处理。本来不是多大事，都可以好好说，我都走了你追出来让我把饮料还回去，我想说我现场直接打开喝一口剩下的你让我带走不？？我说行吧你拿去吧，但是我们以后再也不会来了，然后店长直接说：好的没关系。漂亮！这服务体验，感情我还要舔着脸来吃你家烤肉似的！不想被店长服务气着的，大家自己决定要不要去吧。反正我再也不会去了！
60879,9,韩国小胖料理自助烤肉,ther8361,"不好吃 油死了  哈哈放不开一份炒饭推广合作VB长途车比附近人女童吃vudvhd还有点不方便呢居然v可以吃vc换衣服VB会更过分
广告费别具一格一个吃得好男女合肥感觉韩剧粗gvvgvtdvn九月份不会辜负惠风和畅GVvr更喜欢发vv也许会非常不尴尬"
60880,11,韩国小胖料理自助烤肉,匿名用户,环境还不错 老板人很好，服务态度不错 ，还会再去的。肉质也不错，很实在
60881,12,韩国小胖料理自助烤肉,瞳2618,去的时候太挤了 菜品不多 味道不错 让老板上的泡面半天没来 没什么菜
60882,13,韩国小胖料理自助烤肉,袄裙,肉很多，味道特别好吃，祝好运，喜欢喜欢，啦啦啦啦啦啦啦啦啦啦啦啦，「#套餐：单人烤肉自助」「#精品五花肉」 【口味】好吃 【环境】很不错的啦啦啦啦啦啦啦啦 【服务】也很好，人很热情啊啊啊啊啊啊啊啊啊啊啊啊啊啊啊啊啊啊啊爱了
60883,14,韩国小胖料理自助烤肉,移草,肉太多，自助随便吃五花肉，味道还可以，老板是韩国人，亲自烤，但是菜品比较少，光吃肉很腻，吃不了多少就饱了
60884,15,韩国小胖料理自助烤肉,美女a6,第n次来吃了 真的非常好吃店面新装修了但是未到还是一如既往的好吃，老板是个韩国人，经常也会有很多韩国留学生过来吃饭，听她们说韩语好像在韩剧里面的烤肉店一样，店里的环境灯光也很适合拍照，真的超级推荐物美廉价。
60885,16,韩国小胖料理自助烤肉,SHY513976082,此次用餐总体来说不错，觉得比较认可的地方有：口味赞、性价比高、服务细致、团购接待好。
60886,17,韩国小胖料理自助烤肉,莫念末年462,很满意的一次就餐体验，整体评价的话我觉得：性价比。
60887,18,韩国小胖料理自助烤肉,沈河清,来吃了三次了，一如既往的好！！
60888,19,韩国小胖料理自助烤肉,匿名用户,五花肉管够，烤了超级香！爱了爱了
60889,20,韩国小胖料理自助烤肉,HLS850520716,基本每周都要过去吃 真的很好吃！
60890,21,韩国小胖料理自助烤肉,蜡笔噶蒙,和朋友们来吃的，高中同学来温江大学城，就准备一起来这里吃，烤肉还是很安逸，随便拿，而且烤的地盘也很大，够我们四个人吃，老板还给我吃了两三次辛拉面，听说本来是不免费的，只是希望肉的品种可以更多一点，没那么肥一点就更好了
60891,22,韩国小胖料理自助烤肉,PLn956758415,吃过这么多烤肉这家的味道是最好吃的，食材非常新鲜，肉质口感都非常好。素材，泡菜都很好吃，很有特色，细节非常到位！！
60892,23,韩国小胖料理自助烤肉,MMlysic,他家真的太适合吃肉了！！！肉肉超好吃！然后每一桌都会送一个能煮拉面的汤汤，味道很不错。强烈推荐他们家的小咸菜，尤其是腌黄瓜！
60893,24,韩国小胖料理自助烤肉,gUl866328532,"「#精品五花肉」很大块的五花肉，偏瘦，烤得焦黄，蘸了酱夹在生菜里，还可以加很多小菜，黄瓜片，蒜瓣，青椒，豆芽，韩国泡菜……一大口下去，爽惨「#梅花肉」很嫩，像是七分熟的牛排口感「#饮料酒水」可乐雪碧橙汁免费喝
【口味】酱料蘸料辣度适中，建议老板可以增加特辣的辣椒面
【环境】氛围很好，店不大很热闹，大家都在享受烤肉和吃烤肉的乐趣，店里禁止吸烟很不错👍

【服务】老板和阿姨服务很周到，很亲和。性价比很高的店，值得推荐"
60894,25,韩国小胖料理自助烤肉,李糖养拾叁,吃过好几次啦，一直忘了评价，非常好吃～服务业超级棒～不过最近离开温江了，应该不会再回去吃了。希望生意兴隆～
60895,26,韩国小胖料理自助烤肉,疯狂吃不胖,经常来吃，真的超级好吃！强推强推
60896,27,韩国小胖料理自助烤肉,hHd317377190,好吃，韩国烤肉，还有许多小菜和饮料
60897,28,韩国小胖料理自助烤肉,gjr799341833,比较喜欢，
60898,29,韩国小胖料理自助烤肉,想吃霸王餐哇哇哇,【口味】好吃！！吃肉吃得太满足了，不像有些是合成肉的那种，这家店的肉非常实在。 就是菜品很少，老板说过年会多起来 朋友非常喜欢吃那个沙拉哈哈哈 【环境】在中医大这边，附近人好像不是很多？店有点小，有两种锅，我们这桌的锅真的很大，吃得停不下来😋 【服务】服务很周到👍菜都是让店员加来的，挺快的 【性价比】这个价格挺合适👍
60899,30,韩国小胖料理自助烤肉,bBB978790883,这次就餐整体感觉很赞，比较满意的方面有：口味、服务、团购接待、环境品质很好、性价比。
60900,31,韩国小胖料理自助烤肉,Tingxxi_y,环境很好很不错，味道也很好吃。
60901,32,韩国小胖料理自助烤肉,CaN347591076,「#套餐：单人烤肉自助」就在大学城附近很好找附近吃的也很多吃完了可以去逛逛晚上生意很好人很多都是大学附近的学生。里面的阿姨服务很热情随叫随到还问我们味道怎么样什么什么的那个哥哥也很热情一直来给我们关火啥啥的虽然是自助的但是服务真的很赞而且还有个小细节就是每一个座位下都有插头很方便充电真的爱了爱了太有心了烤肉大口吃肉的感觉真的太爽啦哈哈哈味道不错蘸碟也很nice有三种不同的味道然后还有辣白菜酸黄瓜蔬菜沙拉挺解腻的饮料品种不是很多菜品的话也还行吧但是价格很便宜 啦总体来说性价比还是很高很不错的
60902,33,韩国小胖料理自助烤肉,月下飞殇,还不错，吃起味道比较大众化一般人适合
60903,34,韩国小胖料理自助烤肉,emmm晶晶子,性价比高年糕超级好吃噢 服务态度也很好
60904,35,韩国小胖料理自助烤肉,匿名用户,菜品一般般，味道也一般，肉还有点腻，以前自助吃到撑，这次居然没有吃饱的欲望，7分饱就不想吃了
60905,36,韩国小胖料理自助烤肉,么等方,这次就餐整体感觉很赞，比较满意的方面有：口味赞、环境优雅、服务细致。肉类品种比较新鲜
60906,37,韩国小胖料理自助烤肉,秦时明月6606,每次去都感觉非常不错，想吃肉的朋友们可以试试！
60907,38,韩国小胖料理自助烤肉,丘糜,有挺多种肉的（工作日去比较多哦，然后店员不忙会帮忙剪一下肉的），然后那个火锅真的绝绝子！
60908,39,韩国小胖料理自助烤肉,DaehanJin,性价比很高～～服务态度特别好，虽然店里人很多，但是都不用自己烤！！！！
60909,40,韩国小胖料理自助烤肉,kfR417886048,巨好吃 五花肉强推！！每次吃完还想吃
60910,41,韩国小胖料理自助烤肉,是杰西啊,服务态度好，自助肉很多，味道可，口感OK
60911,42,韩国小胖料理自助烤肉,雷雷今天长胖了吗,炒鸡划算「#套餐：单人烤肉自助」「#精品五花肉」一点也不肥「#梅花肉」 【口味】很正宗的韩国味道，泡菜和腌黄瓜都是免费的 【环境】也很棒 【性价比】高高高！！！！！！ 【服务】有服务员帮忙烤，还会帮忙剪成可入口的大小 赞啊，强力推荐
60912,43,韩国小胖料理自助烤肉,匿名用户,很不错，肉烤出来很棒，但是要烤得嫩一点更好吃。泡菜超级推荐，酸黄瓜我也爱！素菜会上一盘，生菜可以包着吃。烤肉的蘸料也很不错！
60913,44,韩国小胖料理自助烤肉,Supery1k,味道很不错，肉品质很好，服务态度很棒。去的太晚了生菜都卖完了，服务态度真的超棒
60914,45,韩国小胖料理自助烤肉,共勉pu,老板人很热情 然后经常来吃哈哈哈 最爱肥牛卷和五花肉 一个人来吃也吃的贼爽 而且这家店小菜也贼好吃 可惜我们学校一直封校封校封校 不然肯定每个星期我都会过来吃 可惜马上就要放寒假了 得下个学期再来啦 希望老板生意越来越好～
60915,46,韩国小胖料理自助烤肉,wulfy,此次用餐总体来说不错，觉得比较认可的地方有：环境。
60916,47,韩国小胖料理自助烤肉,ZXZ327562987,肉肉很好吃，服务也不错，会帮你剪但是不会打扰你吃饭。泡菜也好吃不咸不淡。蘸料味道也很好。仅代表个人口味
60917,48,韩国小胖料理自助烤肉,匿名用户,服务态度好，菜品也还行，环境也挺不错
60918,49,韩国小胖料理自助烤肉,想要剃度不洗头,一个韩国叔叔开的烤肉店，肉很实在，也比较新鲜，就是种类不算多，但是泡菜和萝卜片之类的小菜都挺好吃的，位置就在西财旁边，平时人还是挺多的，四人以上去的话，可以提前给老板打电话预约，这样就不怕会排很久的队啦
60919,50,韩国小胖料理自助烤肉,我真不吃了！！,超级好吃！老板也很热情  朋友推荐的 下次还会再来的
60920,51,韩国小胖料理自助烤肉,胖胖哒8,服务很不错，全是肉，想吃肉的可以去。但是其他就差远了。
60921,52,韩国小胖料理自助烤肉,郁宁江轩,味道還可以，阿姨服務很好，有什麼問題都會幫忙解決。可以可以。味道比較的韓國，肉什麼的感覺還可以，如果只想吃肉的話。蔬菜挺少的，但年糕很好吃，軟軟的。就是蘸料感覺不安逸，我個人不太吃的慣。而且沒有醋啊，想要醋。
60922,53,韩国小胖料理自助烤肉,匿名用户,挺好的，服务很好，吃的很舒服，
60923,54,韩国小胖料理自助烤肉,EfM724502439,好吃！肉多！
60924,55,韩国小胖料理自助烤肉,RZt719280409,好吃！！！！
60925,56,韩国小胖料理自助烤肉,CiH572584702,这次就餐整体感觉很赞，比较满意的方面有：口味、环境、性价比、服务。下课后就奔过来了。想念小胖了一个月，终于又吃上了。好想老家也能有一家这样的店哇，真的超级好吃。
60926,57,韩国小胖料理自助烤肉,匿名用户,【薄荷】 很不起眼的一家店，如果不是朋友推荐，真心不晓得这里有家烤肉店。招牌上打着韩国人自营店，这点蛮吸引进店去试吃的。桌椅板凳整体很陈旧，不新颖，建议老板更换一下。 【味道】 自助餐这个价格的话味道真心一般，没什么特色，毕竟一分钱一分货。 但是单点了一些韩国特色的东西，比如：清酒🍶冰凉冰凉的，搭配烤肉很不错，不过这个是要另外收费的。单点的大酱汤味道还不错。 【服务】 店里都是几个服务员阿姨，服务谈不上质量，一般般吧 买单时是老板验的美团券，态度一般般吧，也没有笑容。如果老板再和蔼可亲一些就好了。 不过还是值得推荐去尝一尝。
60927,58,韩国小胖料理自助烤肉,ndW867601740,这次就餐整体感觉很赞，比较满意的方面有：口味。
60928,59,韩国小胖料理自助烤肉,四夕27,此次用餐总体来说不错，觉得比较认可的地方有：口味赞。性价比很高哦
60929,60,韩国小胖料理自助烤肉,JEC324737077,去了好几次，还在不断改善，非常不错
60930,61,韩国小胖料理自助烤肉,FOO791271274,我不觉得怎么样，只能团购美团。
60931,62,韩国小胖料理自助烤肉,LZf466517167,自助菜品只有几种，其他的还要加钱，
60932,63,韩国小胖料理自助烤肉,郭倩264,被同事安利的烤肉店，味道价格都很合适。
60933,64,韩国小胖料理自助烤肉,云和weee,肉很多份量很足，菜品种类比较少，值还是值，填肚子是个好去处，吃花样就算了，还是嘿实诚的店，自助你看价就好，我忘了我给了多少了
60934,65,韩国小胖料理自助烤肉,tlH299168371,这次就餐整体感觉很赞，比较满意的方面有：服务细致、口味赞、环境优雅、性价比高、团购接待。店里的阿姨都很可爱，服务也很周到，听阿姨说之前被恶意差评的事情感觉也好委屈，希望大家多来吃啊真的好香，小红书推荐的！强推！
60935,66,韩国小胖料理自助烤肉,czK719425109,第一次是和同学来这里吃的烤肉，感觉还不错，隔了不到一周，又来吃了，蔬菜这些都很新鲜，烤肉是冰柜里拿出来的，那个骰子牛肉还挺好吃的，酸黄瓜也还不错，最赞的是叔叔和阿姨的服务态度特别好，特别热情和耐心，绝对吃到饱，就是菜品类有点少。
60936,67,韩国小胖料理自助烤肉,玄想121,真的好吃啊！！以前还来这里干过，敢说干净过其他店铺。这次放假出来来这里吃烤肉啦啦啦啦！！老板人很好，以前打工时对我们兼职特别照顾。祝小胖哥
60937,68,韩国小胖料理自助烤肉,VianneLi,换了圆桌没有以前的桌子安逸了感觉「#套餐：单人烤肉自助」
60938,69,韩国小胖料理自助烤肉,ouh153190992,超级棒，
60939,70,韩国小胖料理自助烤肉,xmL432628701,吃了好多次了 菜品还是一如既往的少 但最近加了个块状牛肉 这个牛肉味道还可以 梅肉依然材 五花肉比较宽的好吃 太窄的吃起来口感差点 最近客人太少了 我都不好意思喊你给我打折了 嘿嘿
60940,71,韩国小胖料理自助烤肉,CSr950812566,味道挺不错的，特别喜欢他们家的小菜，半肉吃太爽了，而且很解腻，好久没吃了，下次回来一定要补上
60941,72,韩国小胖料理自助烤肉,Zdc753577108,那个阿姨真的是全程黑脸，而且在背后叫她 她也不会回头看一下，是隔的很近的那种，其实味道还是不错的，服务总感觉怪怪的，看来评论区那些评论还是有道理的，确实感觉不太好，也不可能阿姨每天都不开心吧，如果服务能更好就完美了，总体来说好评。
60942,73,韩国小胖料理自助烤肉,rfY483071350,此次用餐总体来说不错，觉得比较认可的地方有：口味、团购接待。
60943,74,韩国小胖料理自助烤肉,如梦8782,真的太好吃了，强烈推荐。老板很好，服务很热情！
60944,75,韩国小胖料理自助烤肉,匿名用户,好评
60945,76,韩国小胖料理自助烤肉,杨豆豆_624,"菜品比较少！
【环境】一般
【口味】还行

【服务】不错

【性价比】不高"
60946,77,韩国小胖料理自助烤肉,我傻！！你更傻,一般吧，就是没想到喝啤酒还要单独算钱
60947,78,韩国小胖料理自助烤肉,qkC921463764,吃的自助，虽然肉的种类少，但管够，老板也很热情
60948,79,韩国小胖料理自助烤肉,阿姝妹儿,菜品很新鲜，新加了几款肉。还是觉得有之前的那个汤搭配会好吃很多。价格也是特别惊喜的，两个人吃了很多肉，肥牛和骰子牛肉很喜欢吃。阿姨的服务特别好，一直帮我们烤肉，吃完了还很热情帮我们继续加肉。总之很好，推荐推荐推荐凉菜也是很好吃，但是忘了给我们上生菜，后来可能看到我们没有还是以为吃完了，还问我们加不加，我们说不要了。总之就是真的非常热情，非常好，是一次愉快的用餐 只拍了一张照片。
60949,80,韩国小胖料理自助烤肉,WVW627246294,"/:086 签收起七天内我们支持退差哦，确认收货后申请哦~【差价金额】=原订单实付价-现订单实付价。【申请方式】：申请售后—仅退款—退运费—差价金额 —上传现订单实付价截图【注意】：天猫津贴/双十一/双十二不支持退差价。希望可以给小度好评噢~ 么么哒"
60950,81,韩国小胖料理自助烤肉,匿名用户,肉量很足，不错不错，整挺好👍👍👍
60951,82,韩国小胖料理自助烤肉,IIg315188256,就挺好吃的呀，五花肉好吃，牛肉好吃，腌黄瓜好爽口，素菜都好吃~ 虽然菜品少，但是味道不错呀，后街这家吃起来最好吃~ 阿姨们的态度也都挺好哒~ 是会再来吃的一家~
60952,83,韩国小胖料理自助烤肉,zPM527001623,此次用餐总体来说不错，觉得比较认可的地方有：环境、口味、服务、性价比、团购接待。感觉很好吃，全是肉肉的味道，特别香哈哈哈哈哈哈哈哈哈哈哈哈哈哈哈哈哈哈哈哈哈哈哈哈哈哈哈哈哈哈哈哈哈哈哈哈哈哈哈哈哈哈哈哈
60953,84,韩国小胖料理自助烤肉,坤坤的大霜宝,老回头客了相当不错的店，聚餐经常去
60954,85,韩国小胖料理自助烤肉,旻啊,真的好吃 肉也很多 吃到饱的那种！
60955,86,韩国小胖料理自助烤肉,Mvg924841209,从上大学吃到现在 从小胖老板亲自管店到服务不好的阿姨再到现在服务很棒的大家 从没女朋友到和女朋友经常一起吃 从有大酱汤到无大酱汤 还有小菜的更换 菜品的更换 还有听说马上会换的锅 小胖真的是我吃过最好吃的烤肉了 不管怎么变 小胖依旧是我的食堂 我爱小胖 （小胖如果能推出充值活动就好了）
60956,87,韩国小胖料理自助烤肉,鳗鱼爱吃鱼,真的挺好吃的 份量很足！！我们是两个人去吃的 就吃了一轮 建议人多去，老板超级好！！帮忙烤肉太赞了
60957,88,韩国小胖料理自助烤肉,匿名用户,服务态度超级差！！菜品很少很少，店也不大，肉类很少，而且菜不能让你自己去拿，服务态度有个嬢嬢喊她拿个菜理都不理，说了也不得给你拿，真的态度太差了，全程黑脸跟谁欠了她钱一样，关键是给她说拿个菜理都不理，就自己去做自己的事了，说是自助根本没得人管我们，菜吃完了喊她拿要说好几道，而且真的全程黑脸我们花钱吃个饭难道是来看别人脸色的？我只想说真的是改变下服务态度好吗，再也不想去了，饮料只有可乐是免费的，素菜也很少，总之体验很差
60958,89,韩国小胖料理自助烤肉,lOa185277042,最最最好吃，没有之一！里面的肉超大块，而且服务超级好，里面的叔叔阿姨会帮烤，还会帮剪成小块，想吃什么随时要，当然还是要考虑光盘哈！而且里面的小菜都是私人秘方，黄瓜，生菜都超级好吃，而且里面的烤茄子，烤土豆片，烤杏鲍菇，烤年糕真的真的超级赞了。还有肥牛，五花肉。真的真的好吃！
60959,90,韩国小胖料理自助烤肉,ArielZZZZRRRR,很好
60960,91,韩国小胖料理自助烤肉,青木原99,很棒！！！很喜欢这家的泡菜哈哈哈哈哈
60961,92,韩国小胖料理自助烤肉,wggssgjk,烤肉必选这家，而且吃了身上也不会有油烟味。 现在多了种新桌子可以煮拉面
60962,93,韩国小胖料理自助烤肉,npm479480033,这次就餐整体感觉很赞，比较满意的方面有：口味、环境、性价比、团购接待、服务。
60963,94,韩国小胖料理自助烤肉,追风筝的……,一般，肉是冻肉，而且吃多了不舒服
60964,95,韩国小胖料理自助烤肉,匿名用户,"服务员态度超级不好不好不好！！！！！要不是是能一星 我真的想一颗星都不给 一直都喜欢和同学们来小胖家吃烤肉 服务员的态度决定了我以后再也不来了
顾客吃饭是欠了你几百万吗？让加个菜直接把盆扔到桌子上 我是昨天去吃的 就是为了给个差评特意美团下单！我们6个人去吃 那个阿姨表情感觉是我们欠了她钱似的 我们翻了一下烤肉就很凶的给我们说不要动 我当时吃的都想拍桌子走人！给我们拿的五花肉全都是肥肉 一条一条得都不完整 感觉就像要扔点的 也不问我们直接就烤菜 完全按着自己的思想来 也不知道顾客坐在那里是干什么的 看你们家服务员发脾气的吗？
很巧的就是今天我室友也去了小胖家准备吃烤肉！回来抱怨阿姨根本不理人 问她有没有位子 等位需要多久都不理人 
说白了吃饭吃的就是个服务 服务都没有味道还有什么重要的！差评差评差评
对于服务员这个态度 我能写出一千字小文章 这辈子都不愿意去 我花钱吃饭的 不是去受气的！"
60965,96,韩国小胖料理自助烤肉,AKy174229254,好久没有吃韩国小胖了，疫情期间在家里就一直想吃只是附近没有，所以到学校和同学一起来吃，味道和以前差不多，都是实实在在的肉，阿姨们也很好，会帮我们烤肉并且很热情，特别是那个个子稍微有点矮的阿姨，全程帮我们弄菜，希望你们的生意越来越好！
60966,97,韩国小胖料理自助烤肉,羊羔。27,好吃😋太喜欢他们家店了，适合学生党，贴心服务，还帮忙烤肉！他家的蘸料也非常好吃😋菜不够可以加哟～
60967,98,韩国小胖料理自助烤肉,diw500855570,这家店是我在温江吃过的最好吃的烤肉店，而且服务也好。￼店里的奶奶和爷爷都是非常热情的人，而且感觉非常有那种家的温暖。大家想来吃烤肉的可以选择这家烤肉是真的不错。那天我和室友年中午饭都没吃就跑来吃，这家烤肉真的特别好吃。就在交院下边一点。￼￼￼￼￼成中医斜对面￼
60968,99,韩国小胖料理自助烤肉,EuF480979748,烤肉是真的有很多肉，但是蔬菜比较少
60969,100,韩国小胖料理自助烤肉,wSH934020114,很好吃。下次还会再来
60970,101,韩国小胖料理自助烤肉,Wamgxue1996,味道不错，来这边找人的，随便在网上搜的，店面不大，来的时间正好，差点就要排队了，服务员嬢嬢非常热情，推荐，不过两个人感觉吃不了多少，嘻嘻嘻 下次再来想试试点菜
60971,102,韩国小胖料理自助烤肉,匿名用户,吃得太腻人了，也没吃几口，肉只有四种，菜品真的特别少，并且想去自取菜，但一直没有让我们自己去，我们要求看菜单后才发现培根没给我上，我们要了才给我们拿了几片。 开始服务还挺好，非常热情，但是过了半小时就有点不耐烦，我们也非常客气的说让阿姨们自己休息一下，我们自己烤，她催我们全下了，可以让我们快点吃完快点走，但我怕浪费我们就还不想下。 来成都旅游，去烤肉店骑了将近7公里的小电驴，这次烤肉吃得我今年都不想吃烤肉了，看着都没食欲，都不想拍照。
60972,103,韩国小胖料理自助烤肉,相遇你496,挺好的，猪肉涨价后没以前好吃了，还可以吧
60973,104,韩国小胖料理自助烤肉,anJ433693124,这次就餐整体感觉很赞，比较满意的方面有：性价比。
60974,105,韩国小胖料理自助烤肉,Myt479310644,这个真的是…肉菜只有四个，素菜也少，反正菜品真的一般。而且说是自助，我们说自己烤，也不让我们自己烤，也没有问我们要吃什么，直接把他想上的菜上了，还一下给我们烤了，有好多的肥肉，我知道他要炸油，但是后面油炸出来好多，我们把肥肉夹起来，他又给我们夹回去了。一开始服务还行，但后面有点板着脸，感觉像是想让我们快走，还一会又把火给我们关了，我们说把火打开，自己慢慢烤，脸色就开始有点不好。反正这是体验感最差的一次自助烤肉，只吃了一点肉就腻了，太腻了。就吃了一点就走了，真的吃的我有点恶心，算了算了…
60975,106,韩国小胖料理自助烤肉,LJe951746355,超好吃！ 推荐
60976,107,韩国小胖料理自助烤肉,泡芙妹妹ko,这个自助怎么说呢 肉菜只有四个 然后就是一些很普通的素菜 我连照片都不想拍 难看且腻人 也不好吃 体验感就挺差的 虽然阿姨们挺热情的 但是后面就板着脸了 可能吃的太晚了 但是我们就来了一个小时不到 而且 吃完才七点 店内人特别少 总之体验感比较差吧 不怎么推荐 要吃烤肉还是去贵一点的地方去吧 这 咋说 挺无语的
60977,108,韩国小胖料理自助烤肉,张遇然,还可以
60978,109,韩国小胖料理自助烤肉,匿名用户,有店里阿姨来烤，五花肉很实在，小菜也挺好吃的
60979,110,韩国小胖料理自助烤肉,Yo_ham,家对面这家烤肉，一直没来吃，没想到这么好吃，尤其是五花肉还有牛肉这些，烤的滋滋滋冒油，很香，能吃出是特别好的肉。腌黄瓜也很不错，阿姨还帮忙烤肉，剪肉，服务态度挺不错的，环境还可以，主要是味道很不错👍
60980,111,韩国小胖料理自助烤肉,uiC839291274,很好吃 有梅肉 五花肉 培根 肥牛  都很好吃 也不腻有泡菜解腻
60981,112,韩国小胖料理自助烤肉,小猪猪爱哭哭,菜品有点少，其他不错，服务也不错肉很好吃。
60982,113,韩国小胖料理自助烤肉,小哈A370,性价比一般，肉就3种，五花肉太肥，店里那个孃孃服务是真的差，有可能是加盟老板吧，这也怕人动那也怕人摸的样子，看个菜单她都要赶紧要起走，难道我还要把你菜单吃了？五花肉那么肥你想烤焦点吃，她直接给你把火关了，生害怕多用点气了，烤盘一边火大一边火小，火小的那边烤都没烤到她就给你把火关了喊你可以吃了。
60983,114,韩国小胖料理自助烤肉,qhl172535734,不想吐槽，难吃，差评，除了土豆好吃一点 其它超级难吃，肉吃几是丑的 不可能来第二次了，饮料瓶子也很脏
60984,115,韩国小胖料理自助烤肉,灬孩子饿了灬,新推出了一款肉超超超好吃了！嫩嫩脆脆的！
60985,116,韩国小胖料理自助烤肉,Wmz536991693,很满意的一次就餐体验，整体评价的话我觉得：口味。
60986,117,韩国小胖料理自助烤肉,COE820993514,还行，就是59块钱对于只有肉食没有海鲜来说，还是贵了一些。
60987,118,韩国小胖料理自助烤肉,孙先桑,哎呦 不错哦。             ^_^^_^^_^^-^一个人就会
60988,119,韩国小胖料理自助烤肉,kYI855051272,菜品很少，晚上去的，柜子里就三四个菜，肉基本没怎么腌，就直接上来烤，菜品新鲜，味道不行。
60989,120,韩国小胖料理自助烤肉,匿名用户,老板很热情，分量很足，建议餐前预定，座位不足
60990,121,韩国小胖料理自助烤肉,bagqwe,口味不好吃，服务态度也不是很好
60991,122,韩国小胖料理自助烤肉,罗小佩是个吃货,这次就餐整体感觉很赞，比较满意的方面有：服务。
60992,123,韩国小胖料理自助烤肉,左流水,刷抖音看到，想去试试。特意致电了商家，不过一个人不接待。今天男朋友出差回来了，我俩加朋友三个人打车去吃。到店，全场只有两桌。但阿姨态度非常好，热情。但是肉只有三种。烤制过程等待时间很长，而且口感一般，没有肉香味。生菜也很不新鲜。于是我包肉的时候总要自己手动把生菜顶端不新鲜的掐掉。再说大酱汤，每桌只有一份，但是端上来的大酱汤非常少，只有浅浅的一层把底遮住，露出豆腐。尴尬的我们一人一汤匙喝了一口，嗯感觉就是很一般。谈不上好喝。欣赏不来。另外一份没有豆腐的汤，是蘸肉的酱。咨询服务阿姨得知，汤喝完了可以再加。另外石锅拌饭这些都是需要单点的，不包括在自助里。总体来说，菜品非常少。肉只有3种，素菜会给你上一盘素菜拼盘。吃完呢应该可以再加。我们因为不合自己口味，所以阿姨上的一份肉和一份素菜吃完了就没有再加。服务这块呢，阿姨们都比较热情积极。这点不错。希望多下功夫在菜品上吧。否则，真的就只适合去一次。ps:这是我吃自助第一次没吃饱，哎。
60993,124,韩国小胖料理自助烤肉,DYc227402576,好吃，年糕也好吃，酸黄瓜特别好吃，
60994,125,韩国小胖料理自助烤肉,匿名用户,肉质很好 店家服务很周到 好吃好吃
60995,126,韩国小胖料理自助烤肉,wmW208681781,是我最喜欢的厚切五花肉！！一次给的分量特别扎实，不够再续就行，老板是个韩国小哥，人很好，本来想吃吃牛肠的，但是他说这边很多人吃不惯就没再卖了，我来晚了！！总之很推荐
60996,127,韩国小胖料理自助烤肉,李亮嫻,此次用餐总体来说不错，觉得比较认可的地方有：性价比。
60997,128,韩国小胖料理自助烤肉,wgN306738567,自助能有这样服务满分！！！！！！！！！！！！！！！！！！！！！！
60998,129,韩国小胖料理自助烤肉,mIe997988680,店很小，然后菜也很少，而且服务态度巨差无比！！特别是一个短头发的阿姨，只有一个阿姨阿姨好些。说是自助，真还不如去一些店里单独点。喝的很少，吃个泡面加16块，吃个蒸蛋加20。真是服了，不知道为啥评价会这么好。
60999,130,韩国小胖料理自助烤肉,vAa496474606,阿姨们非常热情  店店规整 干净利落  还会再来 最喜欢吃糖醋黄瓜😊 
61000,131,韩国小胖料理自助烤肉,小名叫ALEX的音无,跟室友两人一起去的，真是怀念那自由自在、大口吃肉喝酒的时刻。
61001,132,韩国小胖料理自助烤肉,Lze215071838,很满意的一次就餐体验，整体评价的话我觉得：口味。菜品比较少
61002,133,韩国小胖料理自助烤肉,匿名用户,这次就餐整体感觉很赞，比较满意的方面有：性价比。
61003,134,韩国小胖料理自助烤肉,CGQ840115748,全是肉，瓷实，讲究，够劲，就是有点腻。
61004,135,韩国小胖料理自助烤肉,糊鍋的鍋,这次就餐整体感觉很赞，比较满意的方面有：口味、环境、性价比、服务、团购接待。
61005,136,韩国小胖料理自助烤肉,jDf543442926,此次用餐总体来说不错，觉得比较认可的地方有：口味不错、配菜合理、服务到位、菜品丰富、环境优美、份量充足。
61006,137,韩国小胖料理自助烤肉,匿名用户,总体还不错，服务也很到位，就是感觉没有以前好吃了
61007,138,韩国小胖料理自助烤肉,叫我虫子就好了,此次用餐总体来说不错，觉得比较认可的地方有：配菜合理、口味不错、份量充足、环境优美、菜品丰富、服务到位。
61008,139,韩国小胖料理自助烤肉,LfQ303148421,此次用餐总体来说不错，觉得比较认可的地方有：口味、服务、环境、性价比。
61009,140,韩国小胖料理自助烤肉,嘻嘻顿顿有肉吃,此次用餐总体来说不错，觉得比较认可的地方有：配菜合理、口味不错、份量充足、服务到位、菜品丰富、环境优美。
61010,141,韩国小胖料理自助烤肉,槑796,吃到最后真的腻人，不明白咋个还这么多好评这么多人吃，这个东西可能只适合吃一回，只能说食材看起可以，但确实味道差异很大
61011,142,韩国小胖料理自助烤肉,Loser.o,出于好奇来尝了，还好
61012,143,韩国小胖料理自助烤肉,NPQ435352067,味道没之前好了
61013,144,韩国小胖料理自助烤肉,匿名用户,肉新鲜量足，两个人吃了一份肉就饱了，小菜味道都不错，阿姨人很好，饭点去的人很多
61014,145,韩国小胖料理自助烤肉,傻瓜不是瓜1212,店里有点热和闷，店里有点挤，基本来吃的都是学生，里面空调不太有作用，因为没有烟囱排烟，肉有三种五花肉、梅花肉和肥牛，都是用的冻肉，自助餐形式，最郁闷的是厕所男女混用，但是锁是坏的，让人上厕所的时候很紧张，稍微不注意门就会被别人打开。
61015,146,韩国小胖料理自助烤肉,ZmE518852867,这次就餐整体感觉很赞，比较满意的方面有：配菜合理、份量充足、服务到位、菜品丰富、环境优美、口味不错。
61016,147,韩国小胖料理自助烤肉,sid806792346,此次用餐总体来说不错，觉得比较认可的地方有：配菜合理、口味不错、份量充足。 就是夏天来吃好热 可以关下门 把空调都打开~
61017,148,韩国小胖料理自助烤肉,只想减肥的死胖子,肉品质很棒，阿姨和老板服务也很棒
61018,149,韩国小胖料理自助烤肉,毕竟567是老神仙,此次用餐总体来说不错，觉得比较认可的地方有：服务到位、口味不错、份量充足。
61019,150,韩国小胖料理自助烤肉,Qsy358590341,没有图片，但是这个肉是真正的实实在在的，一口一口全是猪肉。 还有肥牛，还有小生菜。 然后那几个辣白菜，还有那个盐豆芽和腌黄瓜也很好吃。
61020,151,韩国小胖料理自助烤肉,nhr385946366,"「#套餐：单人烤肉自助」这边有点偏僻 店面平平无奇
阿姨和小姐姐服务态度很好 
味道还是蛮不错的 吃肉可以吃的很快乐~"
61021,152,韩国小胖料理自助烤肉,鑫逗比,「#套餐：单人烤肉自助」第四次来了服务态度一如既往的好
61022,153,韩国小胖料理自助烤肉,vPt121120027,好吃的，去了很多次了
61023,154,韩国小胖料理自助烤肉,lYZ580075307,这次就餐整体感觉很赞，比较满意的方面有：份量充足、服务到位、菜品丰富、环境优美、口味不错、配菜合理。
61024,155,韩国小胖料理自助烤肉,Cici82953,这次就餐整体感觉很赞，比较满意的方面有：配菜合理。
61025,156,韩国小胖料理自助烤肉,VDX239938401,很满意的一次就餐体验，整体评价的话我觉得：配菜合理。
61026,157,韩国小胖料理自助烤肉,Mrs0Lee,很满意的一次就餐体验，整体评价的话我觉得：口味不错。
61027,158,韩国小胖料理自助烤肉,ZENGHANGZH,烤肉味道很不错，到温江点吃过很多次啦
61028,159,韩国小胖料理自助烤肉,一缕情丝伴伊人,很不错
61029,160,韩国小胖料理自助烤肉,ICE.GIRL,老板态度很热情，但是服务员的态度极其恶劣，跟她说话加肉也不理，上菜还是bang的一下，搞得跟我们得罪他一样，菜很好肉很好，但我们不会再去了
61030,161,韩国小胖料理自助烤肉,Mbp200710096,服务很好 很满意 老板是韩国口音
61031,162,韩国小胖料理自助烤肉,匿名用户,대박!! 진짜 맛있어요 ~김치하고 삼겹살이 좋습니다 ~고기는 많습니다~ 下次再来~~  老板我这个拐脚的韩语你能看懂吗哈哈！！ㅋㅋㅋㅋㅋㅋㅋ! 下面是前两次来拍的照片！~「#五花肉」「#梅肉」👍🏻
61032,163,韩国小胖料理自助烤肉,伍玖儿,可以
61033,164,韩国小胖料理自助烤肉,李巧295,韩国人开的
61034,165,韩国小胖料理自助烤肉,匿名用户,服务挺贴心的，一来就几大块肉，小菜挺好吃的，正宗的韩国味道，素菜是随便吃，就是一次只上一点点，还有一大碗肥牛，阿姨的贴心服务，一顿操作如猛虎，
61035,166,韩国小胖料理自助烤肉,匿名用户,阿姨人都特别好，挺好吃的，nice
61036,167,韩国小胖料理自助烤肉,匿名用户,还行吧，但是感觉没期望的好，两个女生吃吃不了多少的，阿姨服务还是很热情周到的。
61037,168,韩国小胖料理自助烤肉,你来打我啊啊啊丶,正宗韩国烤肉，老板是个韩国人，性价比超高，吃完还可以加
61038,169,韩国小胖料理自助烤肉,怦然心动Zxy,服务很热情，个人更喜欢五花肉，梅肉柴一点，这个腌黄瓜真的巨好吃
61039,170,韩国小胖料理自助烤肉,mpP478071012,很nice！
61040,171,韩国小胖料理自助烤肉,where421,来过两次了！肉真的很多！！！！！！！女孩子来吃的话感觉干不赢哈哈哈哈哈，服务也还行吧，喜欢，下次还来，小哥哥人也很好还帮我们烤，生意兴隆生意兴隆生意兴隆生意兴隆生意兴隆生意兴隆生意兴隆生意兴隆生意兴隆
61041,172,韩国小胖料理自助烤肉,小猪屁屁擦香香,阿姨们很热情，菜也很好吃，和室友出来吃的很舒服「#套餐：单人烤肉自助」「#五花肉」一大块的肉吃着很爽啊 【口味】爽「#小菜」小菜很好吃
61042,173,韩国小胖料理自助烤肉,DOG202698772,五花肉比较新鲜，看的出来肉还是比较好，但是只有五花肉，很容易腻。适合胃口好的去吃，胃口不好的还是吃单点的吧
61043,174,韩国小胖料理自助烤肉,匿名用户,店里干净，服务员，老板热情款待，氛围很好
61044,175,韩国小胖料理自助烤肉,°Transparent°,这个味道绝了，超级好吃肉肉很多
61045,176,韩国小胖料理自助烤肉,匿名用户,韩国🇰🇷oba 开的烤肉店 配的小菜也都很好吃 图二都是免费的 不够可以加 现在可想吃了 期待开门啊 店里的肉很扎实 自助比起单点比较划算 阿姨服务也很到位 要什么需求给阿姨说 一会儿就上来了  自助烤肉就是两种 五花肉和梅花肉  有🥓培根  素菜有土豆 杏鲍菇  记不住了 反正挺实惠的现在肉价也比较高 👍 强烈推荐  都吃了两次了
61046,177,韩国小胖料理自助烤肉,jiushitanling,很一般 有一个阿姨还不高兴的样子
61047,178,韩国小胖料理自助烤肉,艺星艺懿,烤肉好吃，老板好帅。
61048,179,韩国小胖料理自助烤肉,匿名用户,克服距离都要去的一家店，肉质好很赞
61049,180,韩国小胖料理自助烤肉,艺星艺懿,服务周到，味道很棒。
61050,181,韩国小胖料理自助烤肉,大大呀T,好吃，老板人也超好，，棒
61051,182,韩国小胖料理自助烤肉,露西19841006,老板是韩国人，肉质不错，服务不错
61052,183,韩国小胖料理自助烤肉,懒猫就是大大的,肉好吃
61053,184,韩国小胖料理自助烤肉,daitaodesaonian,不符合复古风情小镇风格设计的特点
61054,185,韩国小胖料理自助烤肉,流觞璇戟,还是和以前的味道一样
61055,186,韩国小胖料理自助烤肉,匿名用户,不错不错不错不错不错不错不错，阿姨服务超好
61056,187,韩国小胖料理自助烤肉,ftt可乐可乐,这条评价很官方: ①、肉很大坨，想吃肉的，建议可去，因为真的很棒，肥牛也很棒，由于肉比较多吃得比较撑，所以蔬菜以及其它没怎么吃（虽然多要了好几份金针菇，个人比较喜欢，看个人口味），难以评价。 ②、它的油来自于烤肉里面，炸出来的油，似乎不能自己随意刷油，大家自行斟酌吧 ③、泡菜，我很喜欢，甚至还再要了一盘我很喜欢的白菜。辣椒不是很辣，所以我放了好几包，或者可以说辣椒那个调味料不怎么样。 ④、饮料只有可乐，雪碧，芬达，忘周知，但毕竟喝水为解渴，是什么没那么重要，当然我希望能提供点矿泉水或者白开水。 ⑤、态度非常好，可能我们按点走到😂，真的晚上17点刚刚走进店里，阿姨们很热情，大家也都互相很礼貌。
61057,188,韩国小胖料理自助烤肉,匿名用户,不好吃 不喜欢 和想象中不一样 肉也少
61058,189,韩国小胖料理自助烤肉,TuO761636667,菜品：肉食：五花肉？（图片上那种），梅肉（其实就是猪瘦肉），肥牛，培根 素菜：藕，土豆，杏鲍菇，茄子，金针菇，年糕 其他：一些小菜韩式，但是没有拌饭，要单独点 酒水：可乐芬达雪碧 感受：吃完之后一下午都有一股涩涩的味道，同一起去也有这样感觉，嗯❓❓❓ chi了今天感觉喉咙各种不舒服 各种痛 再说一句：服务阿姨的态度还是不错的
61059,190,韩国小胖料理自助烤肉,dNj988302453,肉的图片，和上一个评论的几乎一致，而我们吃了两盘就饱了，肉质新鲜没错，可是只是很一般五花肉，烤火之后吃，仍然油腻，夹了生菜，还是不能解腻。名字写的是烤肉自助，可选的方案就，4种，五花，梅肉，肥牛，培根，种类的确少的可怜，饮品与之对应桃园三结义，三种。倒是有米酒，问了句单点，还是别叫自助吧，其实就是套餐。 只做几种，看评价还以为精品，实则让人失望的紧，猪肉马上降价了，回家买跑山猪自己煎一份，不香吗？油腻的难受，喜欢吃油肉的不要错过，对品质有要求的，还是前面左拐。
61060,191,韩国小胖料理自助烤肉,Ri嬈,没想到居然可以实现猪肉自由！太好吃了，被学校食堂摧残现在终于吃到了猪肉的味道！酸黄瓜强推！不怎么酸但是很清爽饮料是雪碧跟可乐随便喝，不是那种自助的饮料机器，是那种玻璃瓶装的，老板人很好，还给我们放了bb的歌，这边对于肉食动物来说简直良心！下一次我一定要清空肚子再来吃！
61061,192,韩国小胖料理自助烤肉,最后友人,老板特别特别有礼貌，五花肉真的是厚切，棒到怀疑人生好吗？肥牛也好吃，还要给煮大酱汤的阿姨点赞，每次加汤都会说 不好意思 让你久等了，我说没事 她还会说 只要你不嫌我们慢就好了，都是当外婆的年纪了…… 总之 真的很好吃！！！
61062,193,韩国小胖料理自助烤肉,peB721924936,很好吃，非常赞的韩国料理，店主人也超级好！！阿姨很棒！！！！如果是女孩子建议点菜吃，自助有点没必要哦^_^，我们吃了五块五花肉，四块梅花肉，肉将将吃完，有点腻上头了哈哈哈哈，年糕很好吃！
61063,194,韩国小胖料理自助烤肉,tzD978827712,第一次在这里吃，整体感觉很不错，服务态度不管是老板还是那里的阿姨，都很好 ，味道也不错，虽然菜品没有很多，但是我觉得够吃啦，推荐去
61064,195,韩国小胖料理自助烤肉,磨炼区翻,服务很到位，分量很足，能吃超级多肉哈哈
61065,196,韩国小胖料理自助烤肉,fPS548387516,服务不错 老板人很好 味道也挺好 小菜也很多 比较喜欢五花肉 吃的超级满足
61066,197,韩国小胖料理自助烤肉,最后友人,已经记不清这是第几次来了 我把我爸妈都带来了.... 已经无法用言语形容了有多棒了好吗？ 每次我跟我对象不知道吃啥的时候 我们就来了，不管有多远，五公里以外的地方我都跑来吃了！真的是良心烤肉店，我都不爱什么其他烤肉店、自助店了！
61067,198,韩国小胖料理自助烤肉,秋阿葵,肉肉超级多，而且老板还要帮忙烤肉呐，我们去的时候客人比较多，就用的烤炉烤的，上面的芝士蛋花超级好吃，分量也比较足，烤年糕也很好吃😏，额就是忘了拍照
61068,199,韩国小胖料理自助烤肉,tnE190775699,这是我第一次吃到韩国老板开的韩国烤肉，味道正宗菜品新鲜，真的非常nice，肉的分量，超！足！这家店要两个人才能在炕上吃烤肉，哈哈哈，不然老板经费遭不住，哈哈哈哈哈哈，二话不说，强烈推荐，绝对是方圆十公里内（个人觉得可能不止）最好吃的烤肉店了，哈哈哈哈哈哈
61069,200,韩国小胖料理自助烤肉,匿名用户,韩国胖老板很可爱哈哈哈哈哈哈哈哈我们吃了好多老板说简直亏本  开店四年说我们吃的第一名（但是还是很热情最后都和我们聊上了🥓🥓🥩）  肉好大片 厚厚的超好吃 酱汁和小菜都100分！！
61070,201,韩国小胖料理自助烤肉,Dfv603925782,绝了绝了，太好吃了，是我最近吃过最好吃的，我下次还来
61071,202,韩国小胖料理自助烤肉,燃烧吧少年500,真的吃肉挺爽的，猪肉牛肉羊肉卷再加上生菜，第一次去阿姨帮我烤，还帮我们切好，真的很不错的体验，而且汽水免费喝，好评，下次还会再去
61072,203,韩国小胖料理自助烤肉,佛系一骚,个你们一个建议我已经去过很多次了为什么必须要两个人才可以，没人陪又想吃的时候我该怎么办😭希望这次评价可以让一个人也可以去
61073,204,韩国小胖料理自助烤肉,ukK879983200,偶然间看见这家烤肉店，但是体验超级棒，店主会问是不是第一次来，会跟你讲怎么吃才好吃，烤肉都是服务员烤，剪成一块一块的，看着少，但吃起来量超足，味道很棒，配着生菜吃真的一绝，石锅拌饭也超赞，米饭是紫红色的，感觉像加了红豆还是什么煮出来的，煎蛋煎的很棒，量多味道棒，雪碧也是玻璃瓶装，店里也很干净卫生，总的来说特别棒很满足
61074,205,韩国小胖料理自助烤肉,NAe818366373,表白韩国小哥哥 还有最高的小哥哥 老板能给我微信吗🙊🙊🙊
61075,206,韩国小胖料理自助烤肉,CCh192756604,好吃！！！比在韩国吃的还好吃！
61076,207,韩国小胖料理自助烤肉,匿名用户,不要太看重这家烤肉店是因为韩国来的，其实就一家烤肉店，服务一般（你如果性别女且长得好看，可能你的服务体验要好一些）味道一般（温江的烤肉基本上吃了一个遍）   哦，今天문재인好像来成都了
61077,208,韩国小胖料理自助烤肉,XTt919833685,大口吃大口喝酒！不错！
61078,209,韩国小胖料理自助烤肉,匿名用户,嘎嘎很新鲜我男朋友吃的很撑，我没有，因为大多数的肉都被他吃了
61079,210,韩国小胖料理自助烤肉,最后友人,这个价钱真的一点都不亏！厚切五花、肥牛随便吃，但是不能浪费！太太太太能满足了！！！！
61080,211,韩国小胖料理自助烤肉,mJc708860842,店铺很有特色，烤肉很有特色，在石板上烤，味道超级棒，老板是个韩国银，很好，很有趣，总之性价比超好强烈推荐，下次还会来~
61081,212,韩国小胖料理自助烤肉,vQg639526688,好评好评，肉肉很新鲜，很好吃，就是菜品有点少
61082,213,韩国小胖料理自助烤肉,陈奕迅的妹妹,阿姨超级好 ！
61083,214,韩国小胖料理自助烤肉,vyI209220649,吃的时候挺好吃的，吃完了之后我和我的小伙伴立马暴泻……真的不卫生，服务员阿姨的手都是油渍渍的，还粘了酱
61084,215,韩国小胖料理自助烤肉,Efb946186952,店面虽然小，但是味道超级棒！肉食爱好者速来！
61085,216,韩国小胖料理自助烤肉,LSn824353929,好吃。  服务很好
61086,217,韩国小胖料理自助烤肉,是青争鸭,肉特别新鲜，不是合成肉 我们两个人剩了很多 特别划得来  阿姨老板会帮忙剪肉 。适合肉食主义者!!赠送的小菜泡菜也特别多!还有免费的饮品!不错 !准备推荐朋友们来吃!对对对，而且伴生菜也超级赞的!
61087,218,韩国小胖料理自助烤肉,最后友人,不知道该怎么夸了...太棒了！
61088,219,韩国小胖料理自助烤肉,最后友人,自己看图。超级满足！
61089,220,韩国小胖料理自助烤肉,rRH965411446,吃了好多次，很喜歡他家烤肉和蘸醬
61090,221,韩国小胖料理自助烤肉,匿名用户,店主是个韩国小哥哥。人很耐斯。店里的阿姨态度也很好。
61091,222,韩国小胖料理自助烤肉,PpY366138257,挺好吃的 但是如果人少的话 建议单点
61092,223,韩国小胖料理自助烤肉,喜否1,好吃
61093,224,韩国小胖料理自助烤肉,wjl13547398,这里的阿姨服务态度很好，老板人也很好 ，菜品很新鲜 很喜欢这里的环境
61094,225,韩国小胖料理自助烤肉,OjX794274440,超好吃的 老板是韩国人 很有趣 吃的烤肉全程帮烤 只负责吃就好了 泡菜真的是绝了 年糕拉面也很好吃 刚上就吃了以至于没有拍照 超好吃的 强推 上次偶然间发现了这个店 不到两周来第二次 😂 太棒了
61095,226,韩国小胖料理自助烤肉,Nfk885062531,很好吃，肉很新鲜
61096,227,韩国小胖料理自助烤肉,匿名用户,很好哦，都好吃，服务也可以。
61097,228,韩国小胖料理自助烤肉,涂祥玉,老板是个很可爱的韩国人哦🇰🇷 自助是肉和素菜可以续 肉挺新鲜的 饮料是一人有一瓶。我们两个人还点了个肥牛拌饭也超级好吃👍 送的小菜也都不错 最喜欢拌生菜。服务员嬢嬢也很热情哈
61098,229,韩国小胖料理自助烤肉,zpF200066921,朋友强烈推荐来吃的，店主小哥问我们是不是第一次来，我说是，他给我们讲了一个小锅里是蘸料，另一个碗里是大酱汤。眼大肚皮小的我问还能不能加肉，小哥说可以呀，要吃饱哦～ 烤肉加辣白菜太好吃了，一口烤肉一定要加泡菜，吃完一份肉我们就很饱了，临走的时候小哥还问要不要加肉，我尴尬一笑，真饱了。晚上十一点多躺床上，很想坐回去再吃一份烤肉，哈哈哈哈哈
61099,230,韩国小胖料理自助烤肉,xqI96418744,肉很大块，菜品也很新鲜也很好吃；服务态度也很好，会帮忙烤肉；环境也干净。推荐推荐
61100,231,韩国小胖料理自助烤肉,Xvy844481149,很好哦老板很可爱，黄瓜很好吃
61101,232,韩国小胖料理自助烤肉,暴富小张yi,老板韩国人  人很热情  就是自助的菜品种类少 ，但分量挺足的 可以无限续，饮料也可无限续，  总体上还是很不错的，服务也好。
61102,233,韩国小胖料理自助烤肉,gvx625863173,超级好吃。真的巴适。
61103,234,韩国小胖料理自助烤肉,rOT136572329,吃完之后暴泻啊啊啊啊啊啊啊啊啊啊🙃
61104,235,韩国小胖料理自助烤肉,backhugg,第二次吃了 很好吃😋！！ 老板态度很好 👍！ 下次还来不知道为什么有差评 肉也好吃 还可以加 小菜也好吃！ 强烈推荐
61105,236,韩国小胖料理自助烤肉,Lb77630,味道很好吃 而且里面的嬢嬢都贼可爱 很热情 让人觉得很温暖哈哈
61106,237,韩国小胖料理自助烤肉,阿凡阿凡7,这是我在成都的第一次正儿八经的韩国烤肉，之前我在青岛生活，韩国料理味道都很好，但是我来了成都一直没有找到特别正宗的，这次终于找到了小胖这家！太棒了泡菜就是我最喜欢的泡菜味道，肉也特别扎实！
61107,238,韩国小胖料理自助烤肉,柠·檬Cc,第二次来，还是一如既往的好吃，喜欢，还会继续支持的
61108,239,韩国小胖料理自助烤肉,匿名用户,好吃，服务好
61109,240,韩国小胖料理自助烤肉,lJX307274982,虽然肉的种类不多，但可以随意加肉肉蔬菜酱料的，一本满足！送的大酱汤也很好喝啊！个人来说是很喜欢，会再来吃的♡
61110,241,韩国小胖料理自助烤肉,匿名用户,很不错很不错很不错！！很久之前吃的了忘了评论，拍的照片都已经删了 服务很周到的～肉也足，吃到撑～
61111,242,韩国小胖料理自助烤肉,范帅！！,强烈推荐！吃了很多次满足感爆棚！！温江吃过那么多家烤肉不管是自助还是点餐还是小胖最有满足感！！
61112,243,韩国小胖料理自助烤肉,WXo439110140,唉嘻嘻，猪肉和培根是无限供应的，虽然没有各种各样的深加工肉类，而且调料风格也和四川不同，但是肉的质量是安全透明的。因此非常推荐像我这种，只想吃肉，而且口味不那么重的人来吃。拌菜和四川口味不大一样，挺开胃的，我喜欢但是同学不喜欢，因人而异。店员会关注你的火候情况帮助切割、关火，服务还是不错的。要是能多一点饮料的选择，比如酸梅汤、凉茶之类就更好了。
61113,244,韩国小胖料理自助烤肉,JDO376646401,菜品很少，不推荐这家，除了辣白菜，其他的味道都不怎么样
61114,245,韩国小胖料理自助烤肉,Dmi678085825,好吃好吃好吃 重要的事说三遍
61115,246,韩国小胖料理自助烤肉,wang87330637,第二次来了，这次还有肥牛，很好吃吃的很饱
61116,247,韩国小胖料理自助烤肉,蒙蒙超可爱12358,好吃 服务的阿姨也很有亲和力 强烈推荐
61117,248,韩国小胖料理自助烤肉,金微微w,菜品丰富，服务态度好，老板人也好，
61118,249,韩国小胖料理自助烤肉,罹忧Tender,味道很好，很划算，分量很多
61119,250,韩国小胖料理自助烤肉,zSi814616568,很好吃！去了很多次了，物美价廉，非常推荐。
61120,251,韩国小胖料理自助烤肉,春深似海564,吃的自助，会有人帮你上菜，帮你烤，肉质也很不错，吃完可以继续要，配上生菜，味道很好，还有三种蘸料，值得去。
61121,252,韩国小胖料理自助烤肉,阳檩,老板小哥很体贴，服务很好，韩式的小菜也很独特，性价比很高的一家烤肉店
61122,253,韩国小胖料理自助烤肉,whe290813986,现在猪肉的价钱简直没法买，但是这家烤肉的五花肉真的很顶，品质个头都不错，第二次来这家了，第一次忘记评论了，反正推荐！！！还有老板是个地道韩国人（思密达）
61123,254,韩国小胖料理自助烤肉,FWl315544008,第二次带朋友来了很不错很喜欢他家的小菜
61124,255,韩国小胖料理自助烤肉,backhugg,服务很好 肉很好吃！！！老板也很好
61125,256,韩国小胖料理自助烤肉,辛蕤,黄瓜真的超级好吃，其他的菜超级好吃，里面的老板超级好
61126,257,韩国小胖料理自助烤肉,oqF782816105,味道不错，主要是肉真的很棒，比啥子金汉宫好多了，主要是价格便宜。不晓得老板咋个赚钱，那么安逸的五花肉。老板是个韩国欧巴哦。真的是强烈推荐。
61127,258,韩国小胖料理自助烤肉,WpY163250053,荤菜就五花肉，梅花肉，培根，蔬菜就土豆，藕片，年糕，瘸子，金针菇，其他就没有了
61128,259,韩国小胖料理自助烤肉,ppA704701628,味道很不错，服务的态度也很好
61129,260,韩国小胖料理自助烤肉,糊鍋的鍋,超級好吃 服務也很好
61130,261,韩国小胖料理自助烤肉,Xg霜,肉类就只有两种，五花肉和梅肉，都很好吃！两个人吃了五块五花肉和三块梅肉，很划算，味道很正宗，韩国小哥人特别好，下次还去你这吃烤肉，推荐！
61131,262,韩国小胖料理自助烤肉,辰时宇阿,"光盘行动 超级好吃 老板人超级可爱 
下次还来  推荐推荐🍺🍺"
61132,263,韩国小胖料理自助烤肉,Johnnasuh,"店家小哥真的完全kiyo！！！人很亲切

泡菜很奈斯，肉很足，阿姨服务也很好！"
61133,264,韩国小胖料理自助烤肉,M小瑜儿MOO,肉感觉不错，生意蛮好的，可能会等位
61134,265,韩国小胖料理自助烤肉,“Tsundere”,味道不错 肉一盘久扎实了 送的拌菜很好吃哈哈哈 小菜可能个人的问题 觉得有点酸 但是挺不错的 老板很随和 服务员也帮忙烤菜
61135,266,韩国小胖料理自助烤肉,一时兴起.,菜品口味挺好的，服务嘛老板阿姨都很热情，帮忙拿东西还帮忙烤，虽然是自助，其实只要吃就行了，体验很棒
61136,267,韩国小胖料理自助烤肉,Yyyup丶丶丶,服务很周到，肉也很新鲜，来了好几次了，特别棒
61137,268,韩国小胖料理自助烤肉,aVT192707308,嬢嬢和善又可爱，服务特别好，吃的很满足
61138,269,韩国小胖料理自助烤肉,隅安柒七,很好吃啦！推荐！别的不多说
61139,270,韩国小胖料理自助烤肉,JGh451259473,老板是韩国人，亲眼看到地上有垃圾都舍不得捡，跑去喊服务阿姨捡，赚中国人钱还压榨中国人？培根就是网上几十块钱一大包的猪腩肉片。
61140,271,韩国小胖料理自助烤肉,嗨嗨TING,很喜欢！
61141,272,韩国小胖料理自助烤肉,匿名用户,很好吃，
61142,273,韩国小胖料理自助烤肉,Nfk885062531,好吃
61143,274,韩国小胖料理自助烤肉,你慢慢来.,服务特别好，还有老板也很好照顾每一个顾客也很周到嘻嘻嘻
61144,275,韩国小胖料理自助烤肉,不二家棒棒糖tt,嬢嬢很可爱，服务小哥也很帅，老板态度很好！！味道也很好！！！
61145,276,韩国小胖料理自助烤肉,cgl837894652,光顾了很多次的一家店，吃的很好吃。买的是自助可以无限次续加。老板是个韩国人，非常热情。店里的阿姨们也非常的热情。非常推荐的一家店
61146,277,韩国小胖料理自助烤肉,ugD214333419,第一次来，肉比较多，专吃肉了！推荐，好评
61147,278,韩国小胖料理自助烤肉,王富贵zz,服务很周到特别好拌蔬菜很好吃
61148,279,韩国小胖料理自助烤肉,lps976139495,第二次来了，味道很赞👍👍👍
61149,280,韩国小胖料理自助烤肉,uqt504242047,味道棒棒哒
61150,281,韩国小胖料理自助烤肉,小佳SOK,中秋节没回家一起和宿舍的朋友去的，离我们学校很近。菜很丰富，而且那个腌黄瓜超级好吃，酱也很独特，当然最重要的是肉加上这几个酱真的很好吃了。
61151,282,韩国小胖料理自助烤肉,uYD458588782,不错
61152,283,韩国小胖料理自助烤肉,tTs554733784,和朋友一起去吃的，当时看评价说是韩国人开的，于是就去了。的确是韩国人开的～小菜品种很多，饮料也是几种选择，有一点点遗憾的就是肉的种类很少，主要就是两种，猪颈肉和五花肉。再就是服务员很周到，很贴心，几乎不需要自己动手，他们会主动来帮你烤，剪。所以还是值得去的哦
61153,284,韩国小胖料理自助烤肉,哎哟柔啊o,环境不错哦，菜品也很好👌🏻
61154,285,韩国小胖料理自助烤肉,匿名用户,冲 真的不错 炒年糕太好吃了😋 冲就是了
61155,286,韩国小胖料理自助烤肉,kai511555093,老板是个韩国人欧，服务态度特别好，人也很热情
61156,287,韩国小胖料理自助烤肉,lydjdhbde,非常好，老板人也很好。味道也不错
61157,288,韩国小胖料理自助烤肉,gkv580689613,是我喜欢的店店，五花肉烤焦一点点很好吃的哦，那个梅肉也是相当不错的，烤肉配泡菜解腻爽口 。
61158,289,韩国小胖料理自助烤肉,匿名用户,味道很不错(*๓´╰╯`๓)♡
61159,290,韩国小胖料理自助烤肉,九离7092,真是太棒了！！强烈推荐！！！无限回购，老板也很耐斯！
61160,291,韩国小胖料理自助烤肉,ktH244627409,服务可以，味道还不错，下次还会光顾，
61161,292,韩国小胖料理自助烤肉,嘻嘻喜之狼,菜品味道都非常的巴适，老板提供了四种口味的沾料，烤肉是五花肉和梅花肉，非常的新鲜，老板是个韩国欧巴，全程给我们服务，非常的贴心，下回烤肉首选这家，总之非常满意的一次体验。
61162,293,韩国小胖料理自助烤肉,BGm993865135,在这里吃了很多次了  超级赞👍
61163,294,韩国小胖料理自助烤肉,ZhR116302834,超好吃！性价比很高  满意！
61164,295,韩国小胖料理自助烤肉,Tom爱吃杰瑞鼠,终于拔草小胖烤肉，如图所示主打两种肉， 肥五花真的很肥辣， 梅肉可以烤好了用筷子（锋利的筷子，但是不是割嘴的那种锋利）穿成肉串（或许卖家可以单独提供签子），一口一堆不肥不腻。 小菜黄瓜不甜不咸不辣不酸，比较好吃， 辣白菜切得略碎，酸酸辣辣较为解腻， 不爱吃洋葱豆芽，但是有这两种小菜， 拌生菜很好吃（里面的蒜苗/韭菜/葱，好像不太好吃，我也没有尝，因为我不吃那种形状颜色的东西，但是据男朋友说不好吃，里面的豆芽也不好吃），微甜微辣，很香。 蒸蛋恕我直言没有我蒸得好， 大酱汤恕我直言不好喝(可能是里面有葱的原因，我很不喜欢葱啦)， 可乐雪碧恕我直言不够喝， 辣椒面略辣。 【吃的自助】 #小菜# #梅肉# #拌生菜#
61165,296,韩国小胖料理自助烤肉,匿名用户,服务很周到，味道很好
61166,297,韩国小胖料理自助烤肉,却像风留不住,五花肉很多，肥肉很多，味道很一般，自助菜品非常少，单点的更难吃。这辈子都不可能来了，不知道好评哪来的。
61167,298,韩国小胖料理自助烤肉,PyC316233394,超级好吃呢，肉很新鲜很多，比温江其它的店要好吃，尤其是酱，香！！
61168,299,韩国小胖料理自助烤肉,丿灬俗,不错不错滴
61169,300,韩国小胖料理自助烤肉,UsU811638656,很好吃呀！
61170,301,韩国小胖料理自助烤肉,鱼咘哩,梅肉炒鸡好吃，我们五个女生吃了16块肉！！
61171,302,韩国小胖料理自助烤肉,匿名用户,肉吃的闷脑壳，只有碳酸饮料，第二瓶开始收费，是玻璃瓶装的可乐雪碧要5块一瓶。素菜种类很少。
61172,303,韩国小胖料理自助烤肉,潺潺190,好吃
61173,304,韩国小胖料理自助烤肉,Lii738017494,一般吧  韩国的口味你不懂   第二杯水要钱
61174,305,韩国小胖料理自助烤肉,UsU811638656,吃好多次了
61175,306,韩国小胖料理自助烤肉,无明最苦,肉管饱，份量足，韩国老板人也很热情的。
61176,307,韩国小胖料理自助烤肉,匿名用户,只有2种肉味道一般偏下，饮料第二瓶开始要钱，素菜很少。
61177,308,韩国小胖料理自助烤肉,nVG936177513,品种少吃不惯韩式料理我们吃不惯
61178,309,韩国小胖料理自助烤肉,一碗豌豆儿,很不错 还可以 不错的 无限加肉 不过也吃不下啦
61179,310,韩国小胖料理自助烤肉,匿名用户,算是吃过最差的自助（不单指烤肉）了，我不知道为什么这么多好评，肉就给你规定只能五花肉，梅肉，培根，真的稀少五花肉巨肥，烤几片就毫无胃口了，酱特别咸，蔬菜也就几种，其他的都没有饮料居然只能一人一瓶300ML的雪碧可乐芬达三选一，真的人才烤肉自助，老板好像是个韩国人，看着真的好厉害的样子T恤背后大字写明他是韩国人，佩着韩国国旗，好像韩国人很牛逼的样子，而且态度不好。韩棒子欢迎来喷我。
61180,311,韩国小胖料理自助烤肉,匿名用户,我拍的不是很好，可是客观来说呀烤肉真的很不错，服务也很棒，来了学校两年，温江大大小小的烤肉店我基本都去过啦，这家店除了配菜少一点，但是肉真的很香，韩国的小哥哥好可爱啊，跟他对视了一眼我都很不好意思然后就把筷子弄掉了，背井离乡来到中国一定很不容易呀，希望多多加油哦，我会再来的
61181,312,韩国小胖料理自助烤肉,ksj的阿米,在美团看到的，很久之前就想来了，放假前和朋友来一次聚餐，反正还是很推荐的，老板真的汉语很好，哈哈哈，下学期还会再来的❤️ #拌生菜#
61182,313,韩国小胖料理自助烤肉,匿名用户,味道不错
61183,314,韩国小胖料理自助烤肉,徐妹妹耶_,超好吃的！老板人也很好的！超级热情的，已经认准了这家店以后都来这家店了，味道太好啦喜欢喜欢耶好吃的不得了！期待饿了吗的外卖，以后天天吃 #五花肉# #梅肉# #土豆# #年糕拉面# #芝士年糕#
61184,315,韩国小胖料理自助烤肉,fyg713701298,菜品都是挺好吃的，也挺多，两个人吃，订了两张 ，完全吃不下，五花肉很实在，肥瘦正好，而且还有小姐姐帮忙烤，店长很热情，听韩国欧巴说着不太流利的中文，还蛮可爱的，本来去的有些早，4点半就去了， 但是看到2点到5点休息，就晚了点再过去，，结果都已经在排队了，，来吃的人超多，，满座，而且还有好几桌排队等着。强烈推荐五花肉和梅肉，稍微烤焦一点，沾着辣椒面，用生菜裹着，，，超好吃 #五花肉# #烤肉# #藕片# #土豆#
61185,316,韩国小胖料理自助烤肉,x辜月二十,还行，酸黄瓜和泡菜巨好吃
61186,317,韩国小胖料理自助烤肉,小熊lois,秒杀看到的券，很久没吃正宗的韩餐了，果断买了当天去吃。老板是韩国小哥，全店的服务态度都非！常！好！帮忙烤肉的服务员阿姨们人都很好，特别亲切。自助可以吃五花肉梅肉培根，喜欢肥点的可以多吃点厚切五花肉，喜欢瘦一点的可以多吃梅肉，蘸料也很好吃！大酱汤味道正宗。店里还可以点其他东西吃，下次准备尝尝炸酱面，希望老板以后可以丰富菜单，我真的很怀念以前经常吃的冷面米肠泡菜饼明太鱼呜呜呜呜呜~(>_<)~
61187,318,韩国小胖料理自助烤肉,eVi958881434,老板是韩国的小胖哥哥，还有另外一个韩国小哥哥，他们人都超好，服务也好很亲切呀！中文说的也不错，我们相处的很愉快。肉好好吃也不腻，强烈推荐黄瓜，味道很好爽口。去吃的都是好看的小姐姐和小哥哥，特别养眼！
61188,319,韩国小胖料理自助烤肉,rRH965411446,和朋友聚会的时候经常来这里吃，气氛很不错，最重要的是，贼好吃！哈哈，烤到焦脆的五花肉真的是超好吃，拌菜和泡菜也很棒，推荐一下
61189,320,韩国小胖料理自助烤肉,bpQ395199654,分量足，烤肉味道不错。去的时候中午十二点，直到下午两点离开也只有我们和另一桌客人，不知道为什么如此冷清啊，猜可能是因为位置稍有些远离大众视野。金枪鱼拌饭的金枪鱼有点腥。其实可以不用单点其他食物，烤肉真的很足！甚至送的小菜都基本没动过，肉太足了！蒸蛋没咋吃出芝士味，但味道也很不错哈。 #五花肉# #蒸蛋#
61190,321,韩国小胖料理自助烤肉,mZN757096418,安利！中医大对面的韩国烤肉店，自助50一个人，韩国小哥哥服务态度很好，味道也很赞👍 大酱汤味道跟全北大一模一样，来自被全北大食堂支配的恐惧哈哈，而且很凑巧的是，还遇到一起上课的韩国同学，而且这里工作的孃孃还跟我是老乡
61191,322,韩国小胖料理自助烤肉,小萌妮子__,电烤味道远不如炭烤的香，一般般，个人不是很喜欢。阿姨全程帮忙烤肉，服务很好
61192,323,韩国小胖料理自助烤肉,mYd857957696,菜品很少，肉一开始吃真的美味，特别那种五花肉的原味，赞啊，不够吃到后面就腻了。
61193,324,韩国小胖料理自助烤肉,天池弟弟Tianchi,味道巴适，两个人可以自助也可以单点。不过我我们自助都没有加过东西，味道价格都是必须赞的， #石锅拌饭# #烤肉# #小菜# #五花肉# #蒸蛋#
61194,325,韩国小胖料理自助烤肉,托马斯哇,超级推荐！去的时候是大中午，还排了一会儿队！虽然只有两种嘎嘎，但可以无限量得加！加！加！服务也很到位，店里面的人很多，但依然也会来给我们烤肉，还送了很多开胃菜，就是蒸蛋有点儿咸有点儿老了。打卡小胖！nice！为了吃烤肉，我们还错过了回学校的高铁😔😔
61195,326,韩国小胖料理自助烤肉,匿名用户,"很好吃！！！
感觉是比较正宗的韩国烤肉~
味道真滴很不错  很满意  吃得挺开心哇
而且超级容易吃饱。。
不过有点不足的是……肉的种类太少了
希望以后可以多点
但如果纠结吃什么的话，可以直接选择这个！！
老板很好  很热情也很随和哈哈~
总之是很推荐了！！！"
61196,327,韩国小胖料理自助烤肉,cTR968511555,烤肉很有韩国的味道。非常不错。 老板是韩国人。亲自为每桌烤肉，亲力亲为。非常客气。肉，菜都可以无限加，服务也很好呢，拌的素菜也好吃。 #五花肉# #肥牛# #小菜# #梅肉# #拌生菜#
61197,328,韩国小胖料理自助烤肉,豆大大大哥,还可以吧，分量超足很过瘾，就肉的品种略少
61198,329,韩国小胖料理自助烤肉,章国荣457,服务还是不错，就是菜品太少，真的少，全是五花肉，而且都没有腌，所以吃着没啥味道，做为四川人，还是比较在意口味的，饮料每个人也只有一瓶，不会去第二次。
61199,330,韩国小胖料理自助烤肉,刘大灰灰灰,【口味】五颗星肉很扎实，每一口都是满足 【环境】五颗星 【服务】老板阿姨很贴心，五颗星老板，阿姨都很可爱 #五花肉# #肥牛# #梅肉# #烤肉# #小菜#
61200,331,韩国小胖料理自助烤肉,Fieeeeeee,我觉得阔以哦 很实惠的 很喜欢吃烤肉
61201,332,韩国小胖料理自助烤肉,ZLH274320985,我要吹爆这家店 服务超级好的 味道也很赞👍 超级喜欢啊啊啊啊啊啊 蒸蛋下面嫩嫩的滑滑的 蔬菜和肉都很好嘻嘻嘻
61202,333,韩国小胖料理自助烤肉,eJq359846629,只有两种肉，五花肉和梅肉，五花肉有点肥
61203,334,韩国小胖料理自助烤肉,vonkin824,服务热情，菜品新鲜，只不过是自己吃不习惯这种韩餐，还可以 #小菜# #梅肉#
61204,335,韩国小胖料理自助烤肉,嘻嘻女神哈哈,………………………………一般人都会有一种说法是因为我的原因是我的错觉，我们
61205,336,韩国小胖料理自助烤肉,SHOt827,"【口味】炒鸡好吃的！五花肉很新鲜 跟速冻的不一样 可以放心 酱料也很好吃哦（很全 辣椒粉 烤肉酱 都有）大酱汤也很不错 小菜很好吃 朋友说腌黄瓜超级棒（我不吃黄瓜）肉无限续 菜随便吃 哈哈哈哈哈 
【服务】韩国小哥超级可爱啦 时不时还互动一下 中文很棒哦 店里的阿姨和韩国小哥互动很可爱反差萌 下雨了还问我们带没带伞 随时问我们要不要加肉 哈哈哈哈哈 很棒了
【环境】店里很温馨 一直在放韩文歌 很有感觉 装修也很好看"
61206,337,韩国小胖料理自助烤肉,MK阿磊,啥玩意儿啊 哎呀我滴妈呀还要先缴费 这就很方咯 肉也越来越肥了
61207,338,韩国小胖料理自助烤肉,子小小L,【口味】超级好吃肥瘦相间配着生菜+酱料+泡菜刚刚好，另外杂菜也必须安利下很不起眼的一道菜可是味道好极了超级爽口，这个米酒也必须赞一个跟汽水差不多不醉人的 【服务】老板人很暖超级nice很有礼貌，阿姨服务也很到位 强烈安利！！棒呆棒呆
61208,339,韩国小胖料理自助烤肉,UpN105352968,刚刚吃完就来评价了 服务态度特别好，不多说了 说一下菜品 如果吃自助要求的不多，有特别喜欢吃五花肉的话，这里是最佳，最佳的选择。绝对的最佳选择 原因有二 第一，特别好吃，烤肉不会不棉久久 第二，特别干净，在这里吃，以我觉得不可能会有其他自助那样还会拉肚子。 然后就是黄瓜和辣白菜都好吃，烧酒也好喝，对了，还有年糕也好吃，年糕需要蘸那种水一样的调料。 强烈推荐！！！！！
61209,340,韩国小胖料理自助烤肉,wZl436298122,味道不错哦，肉特别好，各种配菜也不错，我喜欢里面的黄瓜还有辣白菜，生菜包肉非常好吃不油腻哦 ，这里有个蘸料特别好吃 酸酸甜甜的，像甜醋，培根肉也不错，当然最好吃的是五花肉啦，我吃的是自助烤肉所以还配有饮料是可乐，非常好喝。
61210,341,韩国小胖料理自助烤肉,小邓邓的外卖,味道还可以，就是种类真的太少了
61211,342,韩国小胖料理自助烤肉,匿名用户,很好吃 环境也很好 服务也好好 老板也很好
61212,343,韩国小胖料理自助烤肉,yus918076081,老板是个特别可爱又温柔的韩国人 店里还放了好多经典韩剧的歌 好有氛围  老板全程亲力亲为 普通话好好 还能听懂四川话哈哈哈 店里的阿姨服务也太到位了 又很贴心  菜品不多但绝对管饱！ 味道也非常好  菜品很新鲜  服务加新鲜的菜  店里值得有更好的生意！祝老板生意兴隆~
61213,344,韩国小胖料理自助烤肉,咩三岁的犟拐拐.,两个人去的 只吃的烤肉加蔬菜 烤肉不好吃啊就上面撒了黑胡椒粉没有码料 烤肉说是有四种 但是只上了三种 肉只上了一次都没吃完 蔬菜都比肉好吃 年糕烤着好吃还有杏鲍菇 身上也溅到了油 店家应该主动给顾客拿围裙的呀或者放在那里自助拿
61214,345,韩国小胖料理自助烤肉,DYc227402576,肉很足可以一直加，服务热情，年糕超级好吃
61215,346,韩国小胖料理自助烤肉,匿名用户,比起众多烤肉最喜欢的一家，五花肉，牛肉都是很巴适的，值得推荐
61216,347,韩国小胖料理自助烤肉,hDx113101500,炒鸡无敌好吃的烤肉！！！强烈安利！！走过路过不要错过！！！老板人炒鸡好哟😜 😜 
61217,348,韩国小胖料理自助烤肉,匿名用户,五花肉吃起来很爽！
61218,349,韩国小胖料理自助烤肉,匿名用户,同事推荐过来的，味道真的超级棒。五花肉是那种很好很新鲜的肉，肥瘦相间。都是韩国小哥哥亲自烤的。辣白菜特别解腻，有点酸酸的，腌黄瓜也好吃，比较偏甜。米酒和烤肉特别般配，可以试试。图片忘记拍了，光顾着吃了😂😂 #五花肉# #米酒# #烤肉#
61219,350,韩国小胖料理自助烤肉,949790ang,四个人完全吃肉吃得饱饱的 小哥哥也很很可爱~在我们吃完肉之后还给我们喷了除味的喷剂 下次再来~
61220,351,韩国小胖料理自助烤肉,inl834449373,老板和服务的四川阿姨都非常热情，配合的也很默契，都会来主动帮忙烤肉。肉品虽然少但是品质和口味都很好，是肉眼可见的新鲜度，泡菜和肉配生菜是屡试不爽的搭配。不太喜欢肥肉的宝宝建议点梅肉，能接受的都建议点。 最后希望老板能加点芝士玉米和炒年糕在自助的选项里 #烤肉# #五花肉#
61221,352,韩国小胖料理自助烤肉,ggb337169572,很不错哟，吃得很开心，分量也很足
61222,353,韩国小胖料理自助烤肉,最长的情92,"为这家店实力打call 
肉多 好吃 小哥哥长得帅 还很温柔
店里面阿姨也可爱 哈哈哈Nice ！"
61223,354,韩国小胖料理自助烤肉,匿名用户,菜品分量很足 老板也很热情 我女朋友吃的不想走哈哈哈哈哈哈 我们 来这里 吃饭 觉得 饭很 好吃 我开心
61224,355,韩国小胖料理自助烤肉,WENJooo,欧巴的烤肉没的说  在温江开店了以后当然要常来啦  今天和朋友两个人吃了刚开始上的肉之后就没再加肉了  因为真的撑不下了  配的小菜和大酱汤也都很好吃  嘻嘻  欧巴加油哦！！生意兴隆(ˊᵒ̴̶̷̤ꇴᵒ̴̶̷̤ˋ)꒰  파이팅!
61225,356,韩国小胖料理自助烤肉,Lydia（Xueyan）,环境人好，老板是韩国人，两个小哥哥服务态度特别好，非常热情。肉不够可以再加，菜品也是非常新鲜的，喜欢喝韩国的烧酒，不想白酒那么辣，味道很好。辣白菜也很好吃，还有拌的豆芽生菜和五花肉一起吃，味道特别棒！ 불고기가 맛있어요！
61226,357,韩国小胖料理自助烤肉,VianneLi,韩国小哥哥很热情，是一家新开一个月的店，很正宗，拌生菜真的巨好吃啊，然后就是烤肉是真的好吃，我和男朋友两个人吃了好多。自助是包含饮料，不含酒的，肉可以无限加，随便吃。下周再去🙈
61227,358,韩国小胖料理自助烤肉,小露子77,【口味】味道不错，老板是韩国小哥哥，所以味道还是不错的 【环境】店面装修也很不错哦，很有感觉 【服务】小哥哥和阿姨的服务都很好👍👍还专门帮忙烤肉，指导我们怎么烤味道好些 【等位】我们是中午去的，不用等位置，可能晚上就不好说了
61228,359,韩国小胖料理自助烤肉,匿名用户,肉很好吃 老板长得很像电竞选手哈哈哈哈哈 #五花肉# #梅肉# #拌生菜#
61229,360,韩国小胖料理自助烤肉,Dlc923403275,真滴好好吃啊  肉很厚实  泡菜也很好吃  我和我同学全部吃完了  肉食者强推  喜欢韩料的也强推嘻嘻嘻嘻嘻嘻
61230,361,韩国小胖料理自助烤肉,DlV270267311,味道很棒，肉很多，自助的可以随便吃肉
61231,362,韩国小胖料理自助烤肉,买给豆豆吃,넘넘넘 맛있당～～～～～好吃也很实惠 짠짠^ ^
61232,363,韩国小胖料理自助烤肉,噗噗666,五花肉和梅子肉真的超级好吃，也超级新鲜，蔬菜也很新鲜，老板欧巴超级可爱，喜欢喜欢
61233,364,韩国小胖料理自助烤肉,BOS767071950,生菜没有了我问阿姨。叫阿姨拿。阿姨直接说说没有了。给我气死了，之后有一个高高瘦瘦的韩国哥哥给我拿了好开心呀！帅并且好。我看到他帮人家啤酒拿过来开盖。哈哈哈小哥哥你拿之前给人家说一声呀！中国农村阿姨我是知道，典型爱占便宜的，不怪小哥哥 但是自助在中国来说是自己想吃什么拿什么，是没有束缚的。今天感觉到了束缚。 #五花肉#
61234,365,韩国小胖料理自助烤肉,Xxx20120408,在美团上面看到评价就觉得很不错，然后到了以后韩国小哥哥人也很好，店员都特别热情，肉真的很多，就跟韩国一样是厚切的，吃完以后还一直问我们要不要加肉，真的超级棒，味道也超好吃，下次有机会一定还会再来！！！
61235,366,韩国小胖料理自助烤肉,xGe539935665,真的很不错呢！老板很可爱的呢，还帮忙烤肉 #五花肉# #蒸蛋#
61236,367,韩国小胖料理自助烤肉,素白莲子,好吃，老板态度很好，奈斯
61237,368,韩国小胖料理自助烤肉,匿名用户,味道挺正宗的，肉很新鲜，配菜也齐，全程都不用自己动手烤的，老板很热情，人真的非常不错唷，推荐推荐☺☺， #蒸蛋# #梅肉# #五花肉# #小菜#
61238,369,韩国小胖料理自助烤肉,匿名用户,说实话 菜品味道个人觉得很一般 觉得没有啥味道 也可能是我吃不习惯这种 环境还可以 就在交院附近 继续加油吧
61239,370,韩国小胖料理自助烤肉,zRL973252778,原相机拍摄，本人用吃遍温江的名号担保，比财大那边所有烤肉店料理店都正宗，因为老板就是韩国人啊，肉质很好，可自助，可单点，大酱汤比任何一家都好喝。本来是要去拉风吃凉山烤肉的，不后悔哈，各有特色，鼓掌。
61240,371,韩国小胖料理自助烤肉,匿名用户,店面很好找，就在路边。环境也很好。还有肉真的超级大份！我们后面又要了一份五花肉，真的超级大份啊！吃得好饱！老板人也很好，会帮我们烤肉！走的还问我们有没有吃饱，真的吃得超级撑，哈哈哈哈哈哈哈哈，祝生意兴隆！ #五花肉# #烤肉#
61241,372,韩国小胖料理自助烤肉,AA666666aaa,经济实惠老板都不让你动手只用坐下享受用餐就行了推荐
61242,373,韩国小胖料理自助烤肉,RabbitKiller.,超级好吃啦 朋友圈也帮忙宣传了下次还会来
61243,374,韩国小胖料理自助烤肉,FEn772648069,环境看起来很卫生，表白一下服务员小姐姐，态度很好。
61244,375,韩国小胖料理自助烤肉,BGm993865135,老板人超级nice  味道也很好 自助餐一开始就配了很多菜  感觉根本吃不完  还贴心的帮忙烤肉和剪肉    还可以无限续加  中途勺子掉了  本来想擦一下  结果老板超级心细  帮我又拿了一个干净的  强烈推荐呀！！！
61245,376,韩国小胖料理自助烤肉,小饼干超级爱吃饭,强烈安利一波这家店！味道真的太棒了！而且小哥哥小姐姐人都超级棒！爱你们！下次一定要带着朋友一起来！
61246,377,韩国小胖料理自助烤肉,匿名用户,味道不错，服务很不错，推荐，就是肉的品种不多，但是肯定可以吃饱的，总体不错。
61247,378,韩国小胖料理自助烤肉,UsU811638656,先在美团看到的，然后看评论里的图片超级诱人，就打算改天有空来吃，以为离学校还是有点距离，后来散步就看到了真的超级近，第二天就来吃了，我们4个人，只吃了肉，哈哈哈哈，送了汽水，加了两次肉，肉真的很新鲜，吃自助餐一般都是吃肉，这家的肉是我吃过最新鲜的一家，然后还有萌萌的韩国小哥哥给我们剪肉，我们一行人真的吃了超级多，虽然很涨但是也仍然想吃下去，老板也很热情，服务很好，觉得生意会越来越好，怕以后过来要排队，哭唧唧 #五花肉# #烤肉# #肥牛#
61248,379,韩国小胖料理自助烤肉,呀呀啊！,强烈推荐！！！味道很好，吃了都不想走了。想吃多少加多少，肉和菜都可以无限加哦（但是吃多少点多少，不要浪费）老板是两个韩国的小哥哥，还挺好玩的。下次还会再来，服务也很好！！！
61249,380,韩国小胖料理自助烤肉,Melantha009,说一说这个自助，味道真的很可以，只是东西不多！只有五花肉和牛肉，其他的有些蔬菜！没有水果，饮料只有一瓶汽水，而且一个人只有一瓶，菜都是上上来的！不用自己拿！所以这个自助品种比较少，唯一可以的就是味道还是不错的！其他一般般吧！！！
61250,381,韩国小胖料理自助烤肉,VianneLi,好吃的。但不要经常去，吃太多还是会有点腻，哈哈哈哈哈哈
61251,382,韩国小胖料理自助烤肉,ais328139248,两个韩国小哥哥都很热情，笑起来很可爱，中文也很好！两位阿姨服务也很贴心，很愉快的一餐！菜品也都很新鲜，也很干净，不是其他地方那种速冻肉，猪肉烤的焦焦的很好吃啦~
61252,383,韩国小胖料理自助烤肉,啄木鸟485,阿姨和韩国小哥哥都炒鸡热情，五花肉很好吃，小菜也是，想吃单纯的烤肉真的就编辑推荐
61253,384,韩国小胖料理自助烤肉,匿名用户,大口吃肉，大口喝酒 #烤肉# #五花肉#
61254,385,韩国小胖料理自助烤肉,鱼苏安,好吃的，分量也很足
61255,386,韩国小胖料理自助烤肉,c柚子香香,菜品非常新鲜，每一片生菜都是洗的干干净净，服务态度也特别好。特别是第一口酱汤，味道好正宗。蘸酱也很好吃。可以说是性价比超级高了。还赠送饮料。很贴心，祝生意兴隆。以后就锁定这家了嘿嘿
61256,387,韩国小胖料理自助烤肉,RHi546916843,非常棒的一次烤肉！很划算滴！烤肉无限供应，而且肉质很好吃😋感觉比姜虎东烤肉好吃！而且重要的是便宜啊啊啊啊！有小哥哥帮忙，感动！本人是一个人肉测食品安不安全的，经过检测，安全！没有拉肚子！巴适巴适！对啦对啦！！！强烈希望老板可以搞一个芝士玉米，那就更棒啦！下次去试试拉面！
61257,388,韩国小胖料理自助烤肉,VHY648295790,菜品种类比较少。 但小哥哥很热情，考的肉很好吃，而且用生菜包肉一点都不油腻 酱黄瓜超级好吃 #五花肉# #小菜#
61258,389,韩国小胖料理自助烤肉,匿名用户,很好，老板人也很好，服务周到。
61259,390,韩国小胖料理自助烤肉,无為小姐,好吃不贵，好久没吃这么多啦，肉也很新鲜，就是地太滑了，要注意这点
61260,391,韩国小胖料理自助烤肉,kCt187731222,"好吃,小哥哥服务很热情。推荐！五花肉烤的很好吃。我室友说忘不了他家的拌菜！嘻嘻嘻"
61261,392,韩国小胖料理自助烤肉,匿名用户,特别棒，强烈推荐，非常正宗的韩国烤肉
61262,393,韩国小胖料理自助烤肉,FLx100598171,"非常棒的环境,小哥哥也很热情,阿姨也很好"
61263,394,韩国小胖料理自助烤肉,yk一颗颗,肉的品质很好，大酱汤、泡菜、拌菜都特别好吃，烤土豆也好吃，而且所有东西都可以加，好吃又实惠，服务也很到位哟～～～强烈推荐！
61264,395,韩国小胖料理自助烤肉,十七呀哇,烤肉很好吃 老板很热情也很可爱
61265,396,韩国小胖料理自助烤肉,VbZ140021746,环境氛围都很不错，老板和阿姨都很热情，肉质很好很新鲜，很美味，但作为女生会吃不了这么多。
61266,397,韩国小胖料理自助烤肉,Ulf877480285,阿姨们和韩国欧巴的服务都炒鸡周到，阿姨们敲可爱，我们吃到最后的时候放了很多的儿歌╭(╯ε╰)╮特别欢快。
61267,398,韩国小胖料理自助烤肉,Qug487049466,先说服务吧～老板是两位年轻的韩国欧巴，很有礼貌，肉也烤的刚刚好，而且店里的阿姨也都很热情，服务周到，最重要的是菜品很好，自助是五花肉和梅肉，很新鲜，酱料也很赞，不会齁咸齁咸的，喜欢韩式厚五花肉烤肉的朋友们一定不要错过！！另外实名吹爆店里的酸黄瓜，超好吃！
61268,399,韩国小胖料理自助烤肉,匿名用户,在美团抢的券 真的超好吃的一家 老板是韩国人 很可爱 店里的阿姨们也都好可爱 肉都超好吃 😋 爱了爱了 我已经到处安利了
61269,400,韩国小胖料理自助烤肉,ZLC809899232,"이 자조 불고기는 정말 맛있고, 서비스도 좋고, 음식도 좋고, 맛이 아주 좋아요. 매일 그 집의 쇠고기를 먹고 싶어요. 하하 하하."
61270,401,韩国小胖料理自助烤肉,糖梅仙子0517,菜：很新鲜 很棒 味：是我喜欢的味 很棒 人：两个小哥哥都很和善 很棒 实力推荐 很棒
61271,402,韩国小胖料理自助烤肉,匿名用户,挺不错的。性价比高，推荐哦哦哦 #五花肉# #烤肉# #拌生菜# #蒸蛋# #小菜# #梅肉# #藕片# #饮料酒水# #土豆# #雪碧#
61272,403,韩国小胖料理自助烤肉,匿名用户,好吃环境也好，服务也不错，味道很赞 #五花肉# #小菜# #蒸蛋#
61273,404,韩国小胖料理自助烤肉,村里重点贫困户,哇，味道真的很不错 菜品真的太好 太新鲜，不是我吹，菜品那样新鲜的还能有几家店呀 菜品不够 可以继续加哟。老板真的是个地道的韩国小哥 很有礼貌。强力推荐哟 ！！！
61274,405,韩国小胖料理自助烤肉,SgX415318004,味道真的好级了，肉是特别新鲜的那种五花肉，小哥哥还会帮你烤帮你剪，服务特别周到，泡菜还有小菜都特别爽口开胃
61275,406,韩国小胖料理自助烤肉,吃货阿默默,味道很不错，老板服务也很热情，下次还要去吃～
61276,407,韩国小胖料理自助烤肉,匿名用户,环境很好，阿姨服务很好，菜和肉都很新鲜，位置在中医大和交院中间那条大路的旁边，后街沿着大路往离开交院的方向。 #肥牛#
61277,408,韩国小胖料理自助烤肉,vHO133434904,自己烤的不好吃，韩国哥们儿烤的好吃。已经推荐给朋友。
61278,409,韩国小胖料理自助烤肉,ylU265209865,服务热情周到，味道也不错
61279,410,韩国小胖料理自助烤肉,Kcsunnn,好吃，老板人很好，就是菜品比较少，建议加上韩剧里的大肠啥的哈哈，价格可以提高一些，不晓得老板看不看得懂哈哈哈哈
61280,411,韩国小胖料理自助烤肉,匿名用户,韩国小哥哥很热情，一直在帮忙烤肉，菜品很好，下次想去吃部队火锅！嘿嘿
61281,412,韩国小胖料理自助烤肉,VianneLi,才隔了两天又和男朋友来吃，超级棒的店啊，老板说要买空调哦～～哈哈哈  都走了老远老板又出来说拜拜～哈哈哈哈真的太可爱了～老板加微信吗？我和男朋友都超喜欢你的啊哈哈
61282,413,韩国小胖料理自助烤肉,uhx633261505,很热情的服务，肉肉也很新鲜，腌黄瓜真的很棒！我们一行吃肉吃到饱！ #烤肉# #五花肉#
61283,414,韩国小胖料理自助烤肉,kjy907257818,超级推荐哟，烤肉也非常好吃，服务态度也非常棒 #五花肉# #烤肉# #肥牛#
61284,415,韩国小胖料理自助烤肉,AQI120458691,刚下班就马不停蹄的赶过去，第一次去味道不错，果然没有失望👍👍👍👍老板很贴心，人也很帅😝😝😝😝😝😝 #烤肉# #五花肉#
61285,416,韩国小胖料理自助烤肉,匿名用户,辣白菜很好吃 肉也很好吃 下次还会去哈哈哈
61286,417,韩国小胖料理自助烤肉,RUr507862141,服务态度特别好，阿姨都特别可爱哈哈哈，肉肉也很好吃~~喜欢蒸蛋和大酱汤
61287,418,韩国小胖料理自助烤肉,tSi388279633,肉类菜品都很新鲜，生菜也很干净，小哥哥很温柔服务态度非常好！！
61288,419,韩国小胖料理自助烤肉,LKR521LSH,很好吃呀 韩国老板和小哥哥都很棒 服务态度很好 也很有礼貌 肉肉很好吃哦 拌菜也很好吃，正宗的韩国料理味道嘻嘻嘻
61289,420,韩国小胖料理自助烤肉,VickiLau0228,好吃不贵，肉很新鲜
61290,421,韩国小胖料理自助烤肉,吃吃吵吵,肉很厚很多，吃得很爽  辣白菜也很好吃，我们吃了很多！谢谢老板还有阿姨。
61291,422,韩国小胖料理自助烤肉,Owo990350583,当场满分，因为已经饱的走不动路了。
61292,423,韩国小胖料理自助烤肉,bRG246170958,超级好吃~但是无奈我吃不下太多了😩😩，小哥哥人超好，哈哈哈哈哈哈，努力的听懂四川话!!推荐啊~비위~
61293,424,韩国小胖料理自助烤肉,匿名用户,肉很新鲜 韩国人开的 人也很好
61294,425,韩国小胖料理自助烤肉,rkW816421221,韩国小哥哥开的，服务特别好，有专人烤肉，菜品很新鲜，就是定位不太好找。
61295,426,韩国小胖料理自助烤肉,LUT461567250, #拌生菜# #蒸蛋# #藕片# #五花肉# #土豆#
61296,427,韩国小胖料理自助烤肉,匿名用户,服务非常的好！！！菜品新鲜！生意很好，还好我们去得早，两个韩国小哥哥非常可爱😂😂😂😂五花肉喝年糕非常的好吃！！下次还来❤
61297,428,韩国小胖料理自助烤肉,FzI179047475,还可以。但是有点吃不惯。
61298,429,韩国小胖料理自助烤肉,LnU217681344,"服务很好，五花肉味道不错,老板是个韩国人挺可爱的"
61299,430,韩国小胖料理自助烤肉,绯愈飘摇,小哥哥人超好哦，味道也好
61300,431,韩国小胖料理自助烤肉,Jyb108183877,很不错哟，小哥哥很帅哟
61301,432,韩国小胖料理自助烤肉,MWP834212024,服务态度好，菜品不错
61302,433,韩国小胖料理自助烤肉,匿名用户,论吃五花肉的话非常赞。除了菜品少了些没啥缺点嘎嘎。 #五花肉# #烤肉#
61303,434,韩国小胖料理自助烤肉,hFv312344802,我觉得还不错诶，小哥哥们很热情
61304,435,韩国小胖料理自助烤肉,XTL460871596,真的是长腿欧巴！
61305,436,韩国小胖料理自助烤肉,lDG740692481,好吃 小哥哥长得挺可爱的 我们在那里坐了很久也没说我们哈哈
61306,437,韩国小胖料理自助烤肉,jCb772359652,韩国小哥很热情，肉大分量踏实。
61307,438,韩国小胖料理自助烤肉,PpY421658962,服务态度很好，小哥哥棒棒哒 腌黄瓜超爱
61308,439,韩国小胖料理自助烤肉,ezr735087714,小哥哥人超好，很好吃
61309,440,韩国小胖料理自助烤肉,MaeRommmmm555, #五花肉# #烤肉#
61310,441,韩国小胖料理自助烤肉,uvjjcb,还不错，肉很新鲜，东西卫生干净~
61311,442,韩国小胖料理自助烤肉,我不是提百万啊丶,很满意的一次就餐体验，整体评价的话我觉得：错口味、环境、性价比、服务、团购接待都很不错。
61312,443,韩国小胖料理自助烤肉,aSd357457618,第二次吃了  超级好吃 给我冲姐妹！！！
61313,444,韩国小胖料理自助烤肉,匿名用户,这次就餐整体感觉很赞，比较满意的方面有：口味、团购接待、环境、性价比、服务。
61314,445,韩国小胖料理自助烤肉,YAMAp506,这次就餐整体感觉很赞，比较满意的方面有：口味、服务、环境、性价比。
61315,446,韩国小胖料理自助烤肉,木头狸571,挺不错的
61316,447,韩国小胖料理自助烤肉,夏常安常安,此次用餐总体来说不错，觉得比较认可的地方有：口味赞、环境优雅、性价比高、服务细致、团购接待好。
61317,448,韩国小胖料理自助烤肉,嘉情6665,这次就餐整体感觉很赞，比较满意的方面有：口味。
61318,449,韩国小胖料理自助烤肉,貌美且如花,酸黄瓜！酸黄瓜！强烈推荐，解腻清爽。特别好吃
61319,450,韩国小胖料理自助烤肉,霓觞621,很满意的一次就餐体验，整体评价的话我觉得：口味、环境、性价比、服务、团购接待。更好还想来呀
61320,451,韩国小胖料理自助烤肉,顾枳汐,很满意的一次就餐体验，整体评价的话我觉得：口味、服务、环境、性价比。
61321,452,韩国小胖料理自助烤肉,msa124266596,此次用餐总体来说不错，觉得比较认可的地方有：口味、性价比。
61322,453,韩国小胖料理自助烤肉,msa124266596,这次就餐整体感觉很赞，比较满意的方面有：性价比。
61323,454,韩国小胖料理自助烤肉,让子弹飞会儿k,我在大学城这边吃过最多次数的烤肉，哈哈哈哈  很多次馋了 加10块都要去吃（一个人）   不过说实话，  肉还是有点偏少    这家还有很多单点的东西  不过都没尝过  下次去感受下冷面。。啥的    最让我喜欢的还是他们的五花肉   咬起来真的有一股韧劲    烤出来还有香味  美滋滋
61324,455,韩国小胖料理自助烤肉,美少女进哥,还可以
61325,456,韩国小胖料理自助烤肉,PdW160154336,这次就餐整体感觉很赞，比较满意的方面有：口味。
61326,457,韩国小胖料理自助烤肉,aSd357457618,好吃姐妹冲冲冲
61327,458,韩国小胖料理自助烤肉,app273,用餐环境很好，服务也非常热情，吃的感觉也很好。
61328,459,韩国小胖料理自助烤肉,SRc169494281,此次用餐总体来说不错，觉得比较认可的地方有：口味、环境、性价比、服务、团购接待。
61329,460,韩国小胖料理自助烤肉,aWD496373527,服务很好，菜品新鲜，从外面看感觉很旧，可是里面装修很好
61330,461,韩国小胖料理自助烤肉,古娜拉倩,每次吃到最后就有点腻 但久了不吃又很想吃 每次吃也不失望！
61331,462,韩国小胖料理自助烤肉,hLz981207156,还是可以
61332,463,韩国小胖料理自助烤肉,cKs630490741,此次用餐总体来说不错，觉得比较认可的地方有：口味。
61333,464,韩国小胖料理自助烤肉,Eho458757443,很满意的一次就餐体验，口味很nice，吃的也很撑，老板人很好！总体来说非常满意
61334,465,韩国小胖料理自助烤肉,evO818505216,真的超级好吃 来吃过很多次了  这次吃了老板还送了我两包泡面  是个好人哈哈哈
61335,466,韩国小胖料理自助烤肉,sNY898614026,味道好，服务热情。值得大家来品尝开
61336,467,韩国小胖料理自助烤肉,匿名用户,太满意了 真好吃
61337,468,韩国小胖料理自助烤肉,sz1592866501,吃多了有点儿上头啊，太撑了，还是不错的
61338,469,韩国小胖料理自助烤肉,QMf638833433,很满意的一次就餐体验，整体评价的话我觉得：口味、环境、性价比、服务、团购接待。
61339,470,韩国小胖料理自助烤肉,某茄的AMORE,很满意的一次就餐体验，整体评价的话我觉得：口味、环境、性价比。
61340,471,韩国小胖料理自助烤肉,沈河清,很好吃很实惠！
61341,472,韩国小胖料理自助烤肉,阿清Li7,超级棒！大家一定要来吃哦！！
61342,473,韩国小胖料理自助烤肉,匿名用户,味道还可以，价格也适合，菜品肉多菜少
61343,474,韩国小胖料理自助烤肉,iiU596453773,很满意的一次就餐体验，整体评价的话我觉得：口味、环境、服务。
61344,475,韩国小胖料理自助烤肉,Hym844697327,此次用餐总体来说不错，觉得比较认可的地方有：口味、环境、性价比、服务。
61345,476,韩国小胖料理自助烤肉,IIg315188256,好吃，香~
61346,477,韩国小胖料理自助烤肉,VSo601573932,好吃！棒！
61347,478,韩国小胖料理自助烤肉,iLs576523617,这次就餐整体感觉很赞，比较满意的方面有：口味、环境、性价比、服务、团购接待。
61348,479,韩国小胖料理自助烤肉,Mov321347338,很满意的一次就餐体验，整体评价的话我觉得：口味、团购接待、环境、性价比、服务。
61349,480,韩国小胖料理自助烤肉,匿名用户,很满意的一次就餐体验，整体评价的话我觉得：口味、环境、性价比、服务、团购接待。
61350,481,韩国小胖料理自助烤肉,jJy287750093,量大又实惠，很好吃，我们都吃撑了！
61351,482,韩国小胖料理自助烤肉,PLr431949132,这次就餐整体感觉很赞，比较满意的方面有：服务。 味道可以
61352,483,韩国小胖料理自助烤肉,lPO689677160,很好  菜品新鲜。好吃
61353,484,韩国小胖料理自助烤肉,Jfk657337004,味道不错，小哥哥和阿姨的服务态度超级好，肉超级好吃！
61354,485,韩国小胖料理自助烤肉,HLS850520716,很好吃，人太多了，等了挺久，差点饿死
61355,486,韩国小胖料理自助烤肉,oug526426940,很满意的一次就餐体验，整体评价的话我觉得：口味、性价比、服务。
61356,487,韩国小胖料理自助烤肉,fwE296186270,这次就餐整体感觉很赞，比较满意的方面有：口味、环境、服务、团购接待、性价比。
61357,488,韩国小胖料理自助烤肉,wwww91666,此次用餐总体来说不错，觉得比较认可的地方有：服务细致、口味赞、性价比高、环境优雅、团购接待。
61358,489,韩国小胖料理自助烤肉,爱啃梨的Quintus,好吃，棒棒。很划算很棒。推荐来吃。
61359,491,韩国小胖料理自助烤肉,tVZ448728593,不说了，妙中妙
61360,492,韩国小胖料理自助烤肉,WNC921966628,此次用餐总体来说不错，觉得比较认可的地方有：口味。
61361,493,韩国小胖料理自助烤肉,潮生七渡,一周连吃三顿了，太好吃了，老板人也超级好！！
61362,494,韩国小胖料理自助烤肉,匿名用户,还不错
61363,495,韩国小胖料理自助烤肉,山有扶苏lo,非常不错
61364,497,韩国小胖料理自助烤肉,宏远950,真的很好吃  肉特别的鲜美
61365,498,韩国小胖料理自助烤肉,匿名用户,真心不错  很干净 卫生 味道也很好。
61366,499,韩国小胖料理自助烤肉,暗星949,此次用餐总体来说不错，觉得比较认可的地方有：口味赞、性价比高、服务细致。
61367,500,韩国小胖料理自助烤肉,Nwc836359251,此次用餐总体来说不错，觉得比较认可的地方有：口味。
61368,502,韩国小胖料理自助烤肉,SHF602715714,说说这次用餐感到不太满意的地方吧，主要有：口味不好，希望店家能注意改善。
61369,503,韩国小胖料理自助烤肉,匿名用户,看评价来的，实际味道确实很棒，肉也新鲜
61370,504,韩国小胖料理自助烤肉,vwq159339637,肉很好吃，肥牛很香
61371,505,韩国小胖料理自助烤肉,vwq159339637,好吃
61372,506,韩国小胖料理自助烤肉,vcf516477620,这次就餐整体感觉很赞，比较满意的方面有：口味、环境、性价比、服务、团购接待。口味巴适，性价比很高。
61373,507,韩国小胖料理自助烤肉,会瘦的胖可爱,此次用餐总体来说不错，觉得比较认可的地方有：口味、性价比、服务。
61374,508,韩国小胖料理自助烤肉,KRQ776694629,很满意的一次就餐体验，整体评价的话我觉得：口味、环境、性价比、服务。
61375,509,韩国小胖料理自助烤肉,XQi956772357,此次用餐总体来说不错，觉得比较认可的地方有：环境、口味、服务、团购接待、性价比。
61376,510,韩国小胖料理自助烤肉,vjE679746639,此次用餐总体来说不错，觉得比较认可的地方有：口味、环境、性价比、团购接待、服务。
61377,511,韩国小胖料理自助烤肉,KmG594671533,很满意的一次就餐体验，整体评价的话我觉得：环境、口味、服务、团购接待、性价比。
61378,512,韩国小胖料理自助烤肉,LhV985288489,很满意的一次就餐体验，整体评价的话我觉得：口味、环境、服务、团购接待、性价比。
61379,513,韩国小胖料理自助烤肉,饱涨男孩干饭了,大口吃肉太过瘾
61380,515,韩国小胖料理自助烤肉,noon6,这次就餐整体感觉很赞，比较满意的方面有：口味不错。
61381,516,韩国小胖料理自助烤肉,郭雷锋吧,很满意的一次就餐体验，整体评价的话我觉得：份量充足。
61382,517,韩国小胖料理自助烤肉,婷姐姐110,很满意的一次就餐体验，整体评价的话我觉得：口味不错、配菜合理、份量充足、菜品丰富。
61383,518,韩国小胖料理自助烤肉,WWe947318278,这次就餐整体感觉很赞，比较满意的方面有：配菜合理、口味不错、份量充足。
61384,519,韩国小胖料理自助烤肉,此名字已被和谐,这次就餐整体感觉很赞，比较满意的方面有：份量充足。
61385,525,韩国小胖料理自助烤肉,墨弋弋丶,来之前有点饱吃少了老板下次还让我们来之前少吃点太好了
61386,526,韩国小胖料理自助烤肉,匿名用户,服务非常棒，老板人很好，味道不错
61387,527,韩国小胖料理自助烤肉,一时兴起.,老板人很好，东西也很好吃，下次还要来
61388,528,韩国小胖料理自助烤肉,一时兴起.,菜品口味很棒，阿姨服务也很周到，老板是个韩国人，可爱的要死
61389,529,韩国小胖料理自助烤肉,VianneLi,老板人很好，老板很帅，东西很好吃！
61390,531,韩国小胖料理自助烤肉,fBM938371932,真的太好吃了！！！肉和菜都随便吃！！！
61391,532,韩国小胖料理自助烤肉,Tnz971249713,挺不错的
61392,533,韩国小胖料理自助烤肉,XRR904895371,老板和店里的小哥阿姨们都非常nice！
61393,534,韩国小胖料理自助烤肉,路从今夜白731,特别好吃！！！老板也很可爱！！
61394,535,韩国小胖料理自助烤肉,eVX635198893,老板人超好的 肉很好吃 满分好评！！
61395,537,韩国小胖料理自助烤肉,pvn339398055,味道很好
61396,538,韩国小胖料理自助烤肉,vDc601717253,好好吃 อร่อยมากๆค่ะ
61397,539,韩国小胖料理自助烤肉,mAf859956164,肉很多很好吃(｢･ω･)｢嘿，有服务员专门为我们烤肉，服务很到位，舒服
61398,540,韩国小胖料理自助烤肉,GON488872761,真的 可以 可以去试一下 服务很好 很不错 还有人帮你烤
61399,541,韩国小胖料理自助烤肉,tXY518293600,一口肉一口蔬菜简直太美好了
61400,542,韩国小胖料理自助烤肉,YCV535998315,很棒很棒很棒棒棒棒棒棒棒的烤肉店哇⊙ω⊙
61401,543,韩国小胖料理自助烤肉,Stl342957038,可以可以，老板人很好
61402,544,韩国小胖料理自助烤肉,IqD375521024,很好吃，无数次的回头，带了朋友来都爱上了
61403,545,韩国小胖料理自助烤肉,山楂果落了,值得推荐 老板人超级好
61404,546,韩国小胖料理自助烤肉,陌陌沐沐,超级好吃，第二次吃了，下次会再来的
61405,547,韩国小胖料理自助烤肉,HLTM,韩国老板太可爱 菜也特别好吃 肉太棒了！！！！
61406,548,韩国小胖料理自助烤肉,HAo766402655,韩国老板好帅！
61407,549,韩国小胖料理自助烤肉,Hoh134063521,好吃
61408,550,韩国小胖料理自助烤肉,Uqw154665323,特别推荐生菜好好吃哈哈哈，拌的
61409,551,韩国小胖料理自助烤肉,说出来你别笑,老板很好  肉也很好吃
61410,552,韩国小胖料理自助烤肉,墨弋弋丶,好吃！8说了就是特别好吃
61411,553,韩国小胖料理自助烤肉,大阿广,完美
61412,554,韩国小胖料理自助烤肉,hYr606762955,真的超级棒！性价比超高，烤肉也好吃，汤和蒸蛋也很好吃！小菜也好吃～店主人超逗！
61413,555,韩国小胖料理自助烤肉,RKx541660308,很好吃呀 大口肉 很多小菜 态度也很好
61414,556,韩国小胖料理自助烤肉,五四三千,很好吃 服务也特别好 吃的很饱 老板很可爱
61415,558,韩国小胖料理自助烤肉,omnipotention, #五花肉# #烤肉# #梅肉# #肥牛# #小菜# #拌生菜# #饮料酒水# #土豆# #雪碧#
61416,559,韩国小胖料理自助烤肉,冰淇淋ggu,好吃
61417,560,韩国小胖料理自助烤肉,Pgq106497442,美团上团购的，份量超级足够，老板人也很好，每人还会送一瓶饮料，强烈推荐！
61418,561,韩国小胖料理自助烤肉,情久fans腾少,炒鸡好吃
61419,563,韩国小胖料理自助烤肉,vfj385102405,菜品好，味道佳，服务好
61420,564,韩国小胖料理自助烤肉,yGn425375896,老板是韩国人，很正宗的韩国烤肉，各种小菜也很好吃而且免费，赞赞赞
61421,565,韩国小胖料理自助烤肉,POF113109532,超好吃！！
61422,566,韩国小胖料理自助烤肉,zfY298839429,好吃，很推荐
61423,567,韩国小胖料理自助烤肉,tXY518293600,好吃
61424,568,韩国小胖料理自助烤肉,匿名用户,纯肉啊，吃得冒油。踏实得很，巴适，强烈推荐
61425,569,韩国小胖料理自助烤肉,匿名用户,菜很好吃，小哥哥也很好，经常过来帮我们烤肉还给我们说可以蘸小菜里的汤汁当酱料，很棒的一次体验。
61426,570,韩国小胖料理自助烤肉,是用户名啊,"第二次来吃啦.烤肉很好吃 老板人很平易近人哒 老板还会赠饮品🌚🌚
맛집발견??ㅋㅋㅋ😝😝진짜로 맛있어요~~ 된장찌개도요.   😘😘😘😘😘😘😘 #五花肉# #烤肉# #饮料酒水#"
61427,571,韩国小胖料理自助烤肉,VianneLi,第三次来吃啦～～～～～～ 第三次来吃啦～～～～～～ 第三次来吃啦～～～～～～ 第三次来吃啦～～～～～～ 第三次来吃啦～～～～～～ 第三次来吃啦～～～～～～ 第三次来吃啦～～～～～～ 第三次来吃啦～～～～～～ 第三次来吃啦～～～～～～ #五花肉# #拌生菜# #蒸蛋# #米酒#
61428,572,韩国小胖料理自助烤肉,GRU871238625, #五花肉# #小菜# #拌生菜# #藕片# #肥牛# #蒸蛋# #烤肉#
61429,573,韩国小胖料理自助烤肉,叶殇745,超级好吃 服务业特别好 韩国小哥很给力 值得推荐
61430,574,韩国小胖料理自助烤肉,匿名用户,很好很好。
61431,575,韩国小胖料理自助烤肉,Dark影,韩国小哥哥开的，真的很不错！
61432,576,韩国小胖料理自助烤肉,wEq218694701,服务周到，老板很热情，态度也很好，会帮你烤肉，喜欢泡菜，还有黄瓜。值得推荐
61433,577,韩国小胖料理自助烤肉,FLx100598171,"肉很新鲜,超级棒"
61434,578,韩国小胖料理自助烤肉,IOv147361330,味道很不错，肉类不限量，可以尽情吃肉 #五花肉# #烤肉# #肥牛#
61435,579,韩国小胖料理自助烤肉,YUYURU_,吹爆这家店！在美团看到就被吸引了 很温馨 一直放韩文 还放了我最爱的bigbang的歌！肉很新鲜超好吃分量很足吃到撑！表白两位KOREA的小哥哥超级nice！很亲切 时不时互动 中文bang！走的时候还送我们出来！本来想合照 可是不好意思 嘻嘻一定会再来的！一定！
61436,580,韩国小胖料理自助烤肉,Mayuuuuuu,好吃！！！！老板人很好！！！！
61437,581,韩国小胖料理自助烤肉,Lrd153346486,nice～
61438,582,韩国小胖料理自助烤肉,hxgzk47, #五花肉# #烤肉# #肥牛#
61439,583,韩国小胖料理自助烤肉,西西里的太阳H,可以可以    服务员超好，韩国滴😀
61440,584,韩国小胖料理自助烤肉,。流氓兔。,老板很热情，肉肉也很多，很好吃。就是地方有点偏，感觉客人不多。强推！！ #烤肉# #五花肉#
61441,586,韩国小胖料理自助烤肉,jLw969366630,味道不错，老板服务好，韩国小哥人美声甜。
61442,587,韩国小胖料理自助烤肉,pHb636404956,很好吃，正宗的韩国烤肉，辣白菜也超棒！推荐！ #五花肉# #烤肉# #肥牛#
61443,588,韩国小胖料理自助烤肉,NuT373615273,虽然找位置找了很久，但是没有让人失望。味道很赞，阿姨非常好的哦！
61444,589,韩国小胖料理自助烤肉,Mr.Yanghaha,老板服务真的好 肉也很好吃 菜品也很全 不够吃再加就可以 强烈推荐这家烤肉店！
61445,590,韩国小胖料理自助烤肉,匿名用户,妥妥的好评   强烈推荐去品尝   还有小哥哥为你服务哦    忘了拍照片了    只有一张
61446,591,韩国小胖料理自助烤肉,iNc934448133,老板和阿姨都挺好。服务周到
61447,592,韩国小胖料理自助烤肉,dAP833686712,味道不错，很好，很满意，用餐时很开心，老板也很好。
61448,593,韩国小胖料理自助烤肉,qeI784470433,强烈推荐，老板人很好，是一个吃饭很开心的地方
61449,594,韩国小胖料理自助烤肉,大吃货一枚eee,老板人太好了 强烈推荐 棒棒棒
61450,595,韩国小胖料理自助烤肉,lRT782258345,好次好次好次，推荐，老板好可爱
61451,596,韩国小胖料理自助烤肉,重庆小伙儿,菜品真的新鲜，而且正宗的韩国烤肉和拌饭，炸酱面味道不错，烧酒还是不太会喝。希望一如既往的好。味道很好，很喜欢！
61452,598,韩国小胖料理自助烤肉,TLV687791265,菜品超新鲜哦，味道真的很好，很热情，老板真的挺可爱的，哈哈，
