,Unnamed: 0,店铺名称,用户名,评论
61453,0,韩婆婆小院烧烤,匿名用户,"味道非常不错
菜品新鲜 丰富 饮品好喝多样不重复
「#套餐：特色烤肉自助1位」「#猪肉」「#套餐：特色烤肉自助1位」猪肉和牛肉粒最好吃「#扇贝四」扇贝生蚝的蒜放的很多很不错

总之非常推荐 性价比高
「#套餐：特色烤肉自助1位」「#套餐：特色烤肉自助1位」「#套餐：特色烤肉自助1位」「#套餐：特色烤肉自助1位」「#套餐：特色烤肉自助1位」「#套餐：特色烤肉自助1位」「#套餐：特色烤肉自助1位」「#套餐：特色烤肉自助1位」「#套餐：特色烤肉自助1位」「#套餐：特色烤肉自助1位」「#套餐：特色烤肉自助1位」「#套餐：特色烤肉自助1位」「#套餐：特色烤肉自助1位」「#套餐：特色烤肉自助1位」「#套餐：特色烤肉自助1位」「#套餐：特色烤肉自助1位」
【口味】不错不错不错不错不错不错不错不错不错不错不错不错不错不错不错不错不错不错不错不错不错不错不错"
61454,1,韩婆婆小院烧烤,匿名用户,烧烤店去过几次了，每次去人都挺多的。这次我们打电话预约了位置，晚了点过去也有位置。店里的五花肉真的更绝，蒜香没有麻辣的好吃，滋滋冒油肥瘦相间，不过辣椒面比较一般。烤肉和生菜是绝配，现在增加了蛋糕奶茶，很不错。小蛋糕挺好吃的，虾也挺新鲜的。
61455,2,韩婆婆小院烧烤,YlG163957974,今天61带宝贝到国色天香玩，搜索美食找来了，离国色天乡也不远，本来是想抱着试一试的心态来的，没想到惊艳到我了！我自己就是做餐饮的，食材是吃的到的新鲜，这个价格真的是超级划算！服务态度也好，我们去的时候已经比较迟了，很多人等位，停车位也要满了，女司机的我停不进去，还是里面的服务员小哥哥帮我停的，前台服务也很好，61还送了小朋友礼物！超级推荐！
61456,3,韩婆婆小院烧烤,H哗啦啦啦130,好久没有去吃过了，感觉没有前两年好吃了，价格也稍微长了一些，比较满意的可能就是他们家的中翅了，考烤出来还是挺嫩的，菜品比较多，还有很多蒸饺之类的，饮料也都还行，没什么特别的就跟其他烤肉店一样，花甲粉丝倒是不错，推荐尝试。
61457,4,韩婆婆小院烧烤,Oiu142235667,真肉真肉真肉，没有合成肉，都是货真价实的，一分钱一分货，吃了十多次了，一如既往地满意。要是菜品能再多一点就更好了。附上我最爱的烤香蕉。
61458,5,韩婆婆小院烧烤,这种不太妙的感觉,吃了很多很多的肉，看到周围的人也是吃的很开心，特别是传统的生菜夹着五花肉，哈哈哈哈.。赞赞这个蒸饺。走的时候还带走了两个甜筒?回家的时候是七点过还有很多人排队呀。就感觉他的生意很好，大家的想法都很喜欢这个店。
61459,6,韩婆婆小院烧烤,nuU207888038,脑花、五花肉、骰子牛肉等等都不错，不过不建议大热天来，简直受罪烤肉简直就跟蒸桑拿一样，冷风机也不可能每桌都吹到，七十多一个人的性价比也不高，还不如成渝龙菜品比这多至少一半而且都还不错，反正来晚了基本上没有座位了，服务员就那么几个，最后八点多钟吃完了想来一个冰淇淋，结果服务员跟我们说这个是限量的，当时就满脸问号，毕竟是七十多一个人的自助餐，冰淇淋都要限量，就很无语，不会再来了
61460,7,韩婆婆小院烧烤,匿名用户,感觉还是非常的不错喔，要早点去，去晚了的话，菜就很少，如果去推荐五点半左右，八点过菜就很少了，那个牛肉太好吃了，还有啤酒随便整，生蚝也是，所以特别推荐大家去，比大湾那边的感觉好，茄子?感觉很有特色，zj考的感觉好
61461,8,韩婆婆小院烧烤,hQQ741090567,菜品味道很好吃，尤其是小香猪肉和鸡提筋是我的最爱，猪脑和麻辣牛肉是男朋友最爱，蔬菜也很新鲜，干净卫生，最后再烤根香蕉，完美，环境也不错，很敞亮不会吃后很大的味道，主要是离家也很近，想吃的要早点去，不然需要排队呦
61462,9,韩婆婆小院烧烤,花漾三千,人均70块钱 ，环境比较好你就坐在坝子里吃 。 菜品也很多 味道也不错 ，院子里面还有停车位 可以停车 。有奶茶 酸奶 果汁饮料 ，海鲜等等 。大家可以拖家带口的去吃 ，水果种类也挺多的 蛋糕也有好几种 。这不错 推荐推荐大家可以去 。
61463,10,韩婆婆小院烧烤,bnp552068068,吃的都挺好吃，基本都有提前腌过，味道是真的不错。奶茶真的太好喝了！还有西瓜烧仙草也很不错！服务也就还行一般吧，除了前台都是阿姨。我们那桌不知道是在刮风还是什么，油烟一直飘，挺不舒服。吃了一个半小时，桌子周围跑过去三只蟑螂，不过也可以理解，是室外的嘛，但还是希望胆小怕的姐妹注意。
61464,11,韩婆婆小院烧烤,Lda212673587,看了很多评论都在说阿姨的服务不好 本来还很担心因为带了个很小的小朋友结果发现阿姨还是很好的，至少服务我们那桌的是， 手被烫了给她说立马就拿来了几个创可贴，事虽小但是很暖心让用餐过程更愉快了，菜品也是很不错的，下次吃烤肉会继续选择韩婆婆 ?
61465,12,韩婆婆小院烧烤,AWN503772010,一如既往的实在，有烤肉也有汤锅，自己去拿锅子放在上面煮就行，虾放在里面还挺好吃的，馍片里面那个蛋黄酱还是沙拉酱弄在一起吃也不错，感觉牛肉粒真的非常香，推荐牛肉粒和生蚝扇贝，感觉蒜香的肉一般般，不好吃。甜品做的很美味，完全是可以卖的水平了。很喜欢，中午也很多人来吃，大家的眼光都是一致的啦嘿嘿嘿，推荐
61466,13,韩婆婆小院烧烤,玖析呐,院子很大，有停车位，菜品也很不错，都很新鲜，你需要的东西都可以再问服务员要，很不错的，味道也很好吃，有多种酱料，看你的需求选择，还有免费的杯装奶茶，奶茶好好好珍珠奶茶的味道，菜品还是很多的，可以烤可以喝汤。
61467,14,韩婆婆小院烧烤,匿名用户,emmmmmm，先说说我们昨天去店子里吧，先是等待的时候，我们大概等了一个多小时，排队的时候，那个小姐姐说前面就只有几桌了，然后我们就在等。结果说的是几桌，其实是十几桌，而且排号感觉有点乱，ABC三个开头号，，。而且过号了的，也在排，哎 在这以后，终于轮到我们了。我们在那孤零零的坐了半个小时，那个小姐姐才跟我们说要把那个票给服务员才能给我们上烤架，，，，我能理解店里生意兴隆，但是服务确实有点emmnn希望店家能稍微改进一二吧 还有就是菜品，我们吃到后头，好多菜都没有了 还有就是我们去要生蚝的时候，哪个娘娘直接扔过来的，还把生蚝整掉了，，，， 然后吃的时候，还发现了一个钢丝球，。，，，，， 希望店家能改进一二，祝老板生意兴隆
61468,15,韩婆婆小院烧烤,nuU207888038,我觉得七十多一个人的价位自助餐，这家一般般，大热天不建议来，烤肉的时候简直就跟蒸桑拿一样，冷风机也就那么几个，不可能每桌都照顾到，吃到最后本来想来个冰淇淋的，但是问服务员，跟我们说没有了，才晚上八点左右，每桌都有人，还有排队的，毕竟是七十多一个人连冰淇淋都限量嘛？
61469,16,韩婆婆小院烧烤,TvL71884528,已经吃了很多次了！菜品新鲜，味道也不错！
61470,17,韩婆婆小院烧烤,匿名用户,吃了很多次，但是今天的五花肉里面吃到好多钢丝球刷，也跟服务员反应了，体验不是很好，抽烟机也抽不上，比较热
61471,18,韩婆婆小院烧烤,fxp424,安逸 巴适 巴适 安逸 安逸巴适 巴适 安逸 安逸巴适 巴适 安逸  还不够字呐 继续。。安逸 巴适 巴适 安逸 巴适 安逸 安逸 巴适  哦对了 建议老板多配两个风扇  好热哦。。除开热 其余真的巴适  巴适 安逸 安逸 巴适 巴适 安逸 安逸 巴适 巴适 安逸 安逸 安逸 安逸 巴适 巴适 巴适 港火
61472,19,韩婆婆小院烧烤,豌豆0802,真的很少评价，因为觉得大部分都是一般，但是这家烤肉店真的强烈推荐，菜品真的新鲜，而且奶茶很好喝，环境也好，肉的种类也很多，真的推荐强烈推荐，特别是那个五花肉个那个牛肉坨坨简直一绝，之前抱着试试看的心态，结果真的出乎意料的好，以后会常去，开心?
61473,20,韩婆婆小院烧烤,tTV612094802,"环境就是一个大院子，作为60+价位的烤肉而言它的性价比还是极高的
五花肉系列都值得推荐
烤肉的火力很足
烤得时候需要注意不要让肉焦了

最后希望水果的品种可以再多一点，天气热起来了，吃烤肉的时候水果可以说是解腻解热的必备"
61474,21,韩婆婆小院烧烤,twT711480179,首先在意服务的小伙伴就不要去了，服务确实一般，其次最在意的，虽然是中午去的，西瓜是怎么做到那么浓一股子冰箱味道的，而且切的七零八碎的，感觉全是边角料，骰子牛肉好吃，牛肉五花肉也不错，就是吃到后面感觉非常咸，非常咸。
61475,22,韩婆婆小院烧烤,ByO633547992,第一次来，觉得有点小贵，环境还可以，觉得菜的品类不算多，味道也一般吧，可能是自己烤不好吧，害怕没熟就会烤糊，习惯了好评。
61476,23,韩婆婆小院烧烤,要好好吃饭可以吗,上次去生意挺好的，菜品都很新鲜，勤拿少取嘛，啤酒饮料全部包含在套餐里面的，过去只需要吃吃吃就完事了，生蚝和扇贝我觉得对于烧烤烤肉来说确实是很棒的，美中不足的是汤锅需要热很久才会开，要是旁边有个小炉子更好啦
61477,24,韩婆婆小院烧烤,凰胖,"菜品    品类不多   卖相不好看

整体服务  首先大妈居多（不是攻击大妈阿姨，她们的这个阶段如果没有系统的服务培训很难展现出来服务意识）服务意识不强，言行举止有些不堪入目（例如两个阿姨在我和女伴面前扯**，还声音老大了）

最后，综合评价： 地方烤肉餐饮，可吃。"
61478,25,韩婆婆小院烧烤,frw792661453,味道可以，菜品新鲜，经常去，今晚上带着娃娃去的，老板人也很好，专门安排了一个适合娃娃坐的地方，还会再去，五花肉，鸡翅，生蚝新鲜，奶茶可以，很多甜品?小吃，价格实惠，还有烫菜，烤茄子，豆腐，鱿鱼，牛肉
61479,26,韩婆婆小院烧烤,xfw565809106,已经是老顾客了，真的好划算，而且菜品新鲜，夏天的傍晚，在这个偌大的小院里，店面装修虽然简单，但有自己的风格，海鲜烤肉，勇闯都在免费喝，是一种什么体验呢！边吃肉边吃蒜，香味果然多一半，哈哈哈，强烈推荐哦！
61480,27,韩婆婆小院烧烤,hda730329778,「#套餐：特色烤肉自助1位」「#五花肉」「#秘制脑花」「#牛肉」「#扇贝四」「#掌中宝」「#天味小香肠」「#香脆鸡脚筋」「#鸡皮」「#烤馒头」「#自助酒水」「#阿萨姆奶茶」「#猪肉」「#扇贝四」「#特色鲫鱼」「#特色鲫鱼」「#夺命烤大茄」「#包浆豆腐」「#烤香蕉」「#蒸饺」「#芝士年糕」「#蒜香排骨」靠近国色天香，院大，味道不错
61481,28,韩婆婆小院烧烤,年少无人可撩,这家店吗就是在温江，然后从国色天香出来之后就可以看到几家店，他是那种自助餐的形式，整体来说还是很不错的菜品也很多，你可以自己去拿它还原了西昌的那种火盆烧烤的感觉，但是他的酱料有一点难吃，其他都还不错。?
61482,29,韩婆婆小院烧烤,kkL594626027,菜的品质确实有所下降，主要体现在小香猪喝生蚝上。小香猪之前吃起来还有股肉香味，现在吃就感觉很一般了。生蚝个头没有之前的大，估计这也是从限量供应到现在随便拿的原因
61483,30,韩婆婆小院烧烤,nuU207888038,服务一般，菜品相较于七十多一个人的自助餐，都不够打，环境一般，不建议大热天来吃，衣服都要给你打湿完
61484,31,韩婆婆小院烧烤,我爱甜食126,超喜欢芝士玉米
61485,32,韩婆婆小院烧烤,ADi419355104,多次去吃了，味道很不错多次去吃了，味道很不错多次去吃了，味道很不错多次去吃了，味道很不错
61486,33,韩婆婆小院烧烤,TDW705683417,家离得近，已经是第n次来这里了，真的巨好吃~菜品特别丰富，非常新鲜
61487,34,韩婆婆小院烧烤,匿名用户,味道还可以
61488,35,韩婆婆小院烧烤,tLj542330041,五花肉是烤肉的比吃菜。有三种，不喜欢吃辣的就吃蒜香的，喜欢辣的就是香辣，还有一种忘了。鸡腿鸡翅真的很棒，要提前放上去啊。鱿鱼真的好好吃，好大，巴适。还有鱼也很不错。还有牛肉妈呀，嫩的呀，一定要去尝尝。
61489,36,韩婆婆小院烧烤,tLl423769084,味道还可以
61490,37,韩婆婆小院烧烤,obP917756296,上次是冬天吃，很满意。这次天气比较热吧 没多少胃口，吃不下很多。烤的时候油烟很热，菜品还可以。但是回来拉了好几次肚子...
61491,38,韩婆婆小院烧烤,xiao淼淼妹儿,菜品品种很多
61492,39,韩婆婆小院烧烤,clevestar,很满意的一次就餐体验，整体评价的话我觉得：口味、环境、性价比。很好，非常满意，经常都来，一如既往的喜欢?
61493,40,韩婆婆小院烧烤,yyjf999,很好，还会再买，不错，好吃，新鲜
61494,41,韩婆婆小院烧烤,罗圆志,自助形式的烤肉 吃多少全凭自己去拿 味道挺不错的 五花肉吃起来很新鲜
61495,42,韩婆婆小院烧烤,OOC516631689,还可以哇
61496,43,韩婆婆小院烧烤,露8110,满怀期待去，还特意避开晚上的高峰中午去的，但是，体验超级超级超级不好，服务员态度都不能用不好描述，简直就是极度恶劣，我和朋友去的时候十二点半吧，明明就不忙，我们问能给我们拿个架子吗，她也不太理我们，就说你自己随便拖一个过去嘛，然后就是我们自己去拖的，吃到一点半左右，我们就坐那里聊会儿天，服务员来问我们烤不烤，我们说我们等会儿还想烤一点素菜，结果她说现在不烤就直接把我们火关了，这我都觉得没什么，但是后面我们叫她帮我们打开一下火，她就特别不耐烦，语气特别恶劣的说你们还要烤什么嘛，摆脸色，让她把网给我们刷一下也不愿意，还说什么别人人多都没刷，就我们要刷一类的话，结果就没给我们刷。真的超级影响心情，我们也没烤几盘来吃，后面也没心情吃了，明明是出了钱来吃自助，结果搞得像我 们还要受气一样，这态度，是我遇到过最差的
61497,44,韩婆婆小院烧烤,piH261734075,菜种类很多，五花肉真的太绝了！太好吃啦
61498,45,韩婆婆小院烧烤,幸运ZP,说不清楚来过几次了，每次和朋友聚餐基本都会选择韩婆婆，味道好。菜品也很丰富，食材很新鲜，和其它烤肉相比，韩婆婆的看着菜品质量好些，环境也很好，反正百吃不厌，最喜欢泡椒鲫鱼，脑花，必点，小吃也很好，烧仙草，布丁，都很好吃！
61499,46,韩婆婆小院烧烤,ljsh珊珊h,味道很鲜美，服务非常不错，热心的服务员不会让你浪费，会很正确的为你推荐适合的分量，菜品也很丰盛，味道很清淡，兔肉味道很嫩，适合一大家老小都吃，饮料都是鲜榨的，很香美，鸭头也是很美味的，卤菜的味道也是很不错的
61500,47,韩婆婆小院烧烤,jAM621998457,提前预定，到店没问我们任何信息，服务员态度很差，最基础的问下有没纸巾，直接说一桌只有一盒，领班来时候竟然说我们服务员不可能这么说，12个人，给我两张小桌子，还说坐得下，果然有名气了，服务态度等等都变的特别差！总之不建议去消费！菜品还不怎么新鲜！出来聚餐，搞得很不愉快！
61501,48,韩婆婆小院烧烤,OOC516631689,看起来菜品比较少，不过可能是放得比较集中，好吃的，可以来试试
61502,49,韩婆婆小院烧烤,sTz151664517,环境不错，品种很多，特别是牛肉和五花肉，味道好好。
61503,50,韩婆婆小院烧烤,浮生4781,就一般吧，第一次去吃，，，，，
61504,51,韩婆婆小院烧烤,IyY174396280,味道一如既往的巴适～全家都超级喜欢！首爱的是五花肉，再就是扇贝和生蚝(特别的新鲜诱人)，脑花儿、鲫鱼、鸡皮、茄子、布丁都是每次必点的菜品；饮品也随便点，特别适合聚会的好选择；这里的阿姨们服务态度也超级好噢。
61505,52,韩婆婆小院烧烤,Rdd746634413,味道还不错，生意十分火爆，服务员态度也很好！！！
61506,53,韩婆婆小院烧烤,彤彤14926,这家烤肉好气人，小吃好好吃，我一来就蒸饺包子玉米馍馍都吃饱了，肉肉还没吃呢
61507,54,韩婆婆小院烧烤,LnK773587880,菜钱比较丰富 没去过的可以去试一下 牛肉不错
61508,55,韩婆婆小院烧烤,匿名用户,差还要15个字无语，70多的东西跟40多的烤肉自助差不多，差不多配张帅哥照片
61509,56,韩婆婆小院烧烤,ybl5878,食材新鲜，味道也不错，是朋友聚餐的好去处，推荐哦！
61510,57,韩婆婆小院烧烤,hhf891106,味道一如既往的好，就是排队时间有点久，亲们可以选择提前网上预订，菜品种类丰富，味道一如既往的好，就是排队时间有点久，亲们可以选择提前网上预订，味道一如既往的好，就是排队时间有点久，亲们可以选择提前网上预订
61511,58,韩婆婆小院烧烤,罗圆志,菜品种类多 味道也是不错 很棒的一次体验
61512,59,韩婆婆小院烧烤,pWV329273596,来过很多次了，品种多又新鲜，去的早停车也方便，场地也大，我觉得比很多商场自助都巴适。
61513,60,韩婆婆小院烧烤,LnK773587880,没去过的  推荐去  菜品丰富
61514,61,韩婆婆小院烧烤,周周婧婧婧,总体还是不错的，不过我们是下午三点来吃的，菜品没有上次多。上次是晚上五点正值晚饭点，吃的就很多 ，这次不是饭点，可以选择的菜品要少一些。
61515,62,韩婆婆小院烧烤,晨晨utcc,不建议夏天去吃，热，肉类菜品还行，其他品种比较少
61516,63,韩婆婆小院烧烤,晨晨utcc,肉类还可以，其他品种比较少，夏天去很热
61517,64,韩婆婆小院烧烤,怡1o,来打卡过几次的烤肉店??，地方很大阿姨服务很好，特别热情菜品也很新鲜，特别是烧仙草特别好喝，生意也很好。?很喜欢吃这里的五花肉包着生菜，还有酱汁很好吃。?太喜欢了，哈哈哈哈哈，哈哈哈哈哈哈哈哈哈哈业。?
61518,65,韩婆婆小院烧烤,DwP426160548,不太好，态度也不行，工作人员特死板，一点都不灵活
61519,66,韩婆婆小院烧烤,FODA86,非常巴适 菜品丰富 大口吃肉的感觉不要太爽
61520,67,韩婆婆小院烧烤,CUi757780432,推荐，第一次消费，食材都不错的新鲜
61521,68,韩婆婆小院烧烤,sevenqinqin,此次用餐总体来说不错，觉得比较认可的地方有：口味、环境。 味道很不错，菜品也比较丰富，扇贝味道超级棒。 场地很大，周末去的人超级多生意火爆，排了一个多小时的队，下次要早点去啦。
61522,69,韩婆婆小院烧烤,CcD945336023,十分好吃太好吃了让人留连忘返哈哈哈
61523,70,韩婆婆小院烧烤,匿名用户,位置老是走错不上桥，就在桥下。垃圾桶感觉一桌两个更方便点，菜品比以前好像少了一个，东西还是不错的
61524,71,韩婆婆小院烧烤,DlS574182025,这家店的菜品齐全，服务员的态度服务很好，已经吃过很多次了！非常不错的，孩子也喜欢吃，特别是五花肉，非常非常的好吃?值得再多次去的一家店。就是每次去迟了都会排很久的队，不过还是值得等待的哟！以后还会去吃的
61525,72,韩婆婆小院烧烤,YL叶子的叶,菜品不错，很多，饮料也多，肉质也相对好些，位置可能有些偏，但味道真的不错哦
61526,73,韩婆婆小院烧烤,Wing芳子,回购无数次了   从开业吃到现在   老顾客了    味道非常好
61527,74,韩婆婆小院烧烤,nWa558769243,有机会还会去吃的，他们家的烤脑花真的很不错呢！
61528,75,韩婆婆小院烧烤,lII546595379,菜品非常新鲜，比一般的烤肉品质要好，推荐脑花和牛小粒还有烤馒头片，喜欢喝酒的来这是不错的选择，啤酒都是雪花勇闯的免费喝 特别夸一夸给我们服务一个齐耳短发的阿姨，服务态度特别好，贴心的主动递上围裙，不停的收走用完的盘子，临走时还一直感谢我们到韩婆婆小院消费，老板要给阿姨加鸡腿哦！
61529,76,韩婆婆小院烧烤,Wing芳子,自助形式   味道很好   嬢嬢些也非常热情
61530,77,韩婆婆小院烧烤,玙。。,【性价比】
61531,78,韩婆婆小院烧烤,oOC143825662,口味都可以，我比较喜欢那里的甜品，甜品不错，肉的话，五花肉可以的。
61532,79,韩婆婆小院烧烤,miss想念,味道很好
61533,80,韩婆婆小院烧烤,ucn822773752,很满意的一次就餐体验，整体评价的话我觉得：口味。
61534,81,韩婆婆小院烧烤,sYi943170194,味道不错，价格也实惠，每次去都要等
61535,82,韩婆婆小院烧烤,sYi943170194,儿子每次想吃烧烤的时候，他?们家是首选
61536,83,韩婆婆小院烧烤,Ovo869031824,这家我真的吃了好多次啊，菜品也很多，然后很新鲜！
61537,84,韩婆婆小院烧烤,vak806300829,菜品挺多的，而且很新鲜，那个奶茶好好喝哈哈，而且是自助，挺划算的，感觉是那周边最好吃的一家店了
61538,85,韩婆婆小院烧烤,三金金同学,差评差评差评，今天去现场买票吃的，没有团购，现在想想应该团购的，可以评价，但是这次非常想评价，就点了以前的购买记录，今天到场后，安排到28号桌，开烤没有两分钟就闻到有煤气泄露的味道，闻起头发晕，我朋友没有闻到，我就没有说什么，后来一起吃饭的朋友也闻到了，我们就咨询服务阿姨能不能换位置，阿姨让我们将就，说多烤一会就适应了，我当时就执意让阿姨给我们换位置，阿姨虽然给我们换了但是在隔壁就摔杯摔碗的收拾，服务体验极差，说一句不好听的，我今天如果在这次吃饭煤气中毒还不是要餐厅负责，换一下位置大家都平安不好吗？
61539,86,韩婆婆小院烧烤,Jvr314163389,总体种类比较丰富，但是肉菜和调料太咸了
61540,87,韩婆婆小院烧烤,王保长2,【口味菜品新鲜！菜品多！好吃！
61541,88,韩婆婆小院烧烤,iiz849620282,可以
61542,89,韩婆婆小院烧烤,sTz151664517,菜品新鲜，特别是坨坨牛肉和五花肉，味道好极了。
61543,90,韩婆婆小院烧烤,JjW542124636,差评，没有以前好吃了……菜品也没有以前多了
61544,91,韩婆婆小院烧烤,Justin19666,中午饭点过后去的，菜品还是比较丰富，后面也陆续补齐了菜品
61545,92,韩婆婆小院烧烤,匿名用户,人太多，服务员太少，根本就是一团糟。
61546,93,韩婆婆小院烧烤,OUQ673674284,这里的牛肉很新鲜，已经来吃两次了，也是同学推荐来的！
61547,94,韩婆婆小院烧烤,WYN913978758,生意很好，菜品还行，每次来人都很多
61548,95,韩婆婆小院烧烤,Zzzzzziiiiiiii,一般吧，中午去的人比晚上少很多
61549,96,韩婆婆小院烧烤,bcn457137944,这家店特别好吃，去吃过好多次了，还带老爸老妈去吃过，特别好吃
61550,97,韩婆婆小院烧烤,sevenqinqin,「#套餐：特色烤肉自助1位」 味道很不错，菜品很丰富，生意很火爆
61551,98,韩婆婆小院烧烤,liguaiguai,不错，吃了好几次了，有新菜品！
61552,99,韩婆婆小院烧烤,liguaiguai,吃了好几次了！又增加了一些新菜品！
61553,100,韩婆婆小院烧烤,匿名用户,挺好吃的，而且那种小院的感觉挺好的，每次都是和朋友们一起过去吃的，有的时候是聚餐，有的时候是庆祝朋友过生，菜品真的挺丰富的，而且看起来还是比较卫生的（比那些看起来就很不卫生的好太多了），人多的时候，上菜也快，味道也可以，总而言之，推荐。
61554,101,韩婆婆小院烧烤,Vri717391991,菜品不错，味道好，????
61555,102,韩婆婆小院烧烤,jh。惠,菜品比以前更丰富了，味道还是不错的。要是有小朋友玩的地方就好了，比如有个滑滑梯之类的，这样就不用一直跟到娃跑了
61556,103,韩婆婆小院烧烤,容猪猪,菜品没以前那么多，不是很新鲜了，价格还比以前高了，环境一般般！
61557,104,韩婆婆小院烧烤,TfE226561097,味道巴适，经常去他们家吃，菜品也很新鲜
61558,105,韩婆婆小院烧烤,今天你瘦了嗎i,「#秘制脑花」
61559,106,韩婆婆小院烧烤,鸽物艾,在这家吃了很多次了因为学校在附近所有决定这是附近最好的一家烤肉自助了
61560,107,韩婆婆小院烧烤,jkw482701931,不错不错
61561,108,韩婆婆小院烧烤,UWj78513130,菜品新鲜 服务也不错呢 下次还选这家
61562,109,韩婆婆小院烧烤,zxx201166,味道可以，菜品丰富，服务员态度也多好的
61563,110,韩婆婆小院烧烤,匿名用户,这个都说老光顾的一家店了，味道好，价格不错，而且菜品类很丰盛，新鲜，分量也是吃多少可以拿多少，值得推荐哟，
61564,111,韩婆婆小院烧烤,IIg315188256,很不戳，吃了几次了，阿姨的态度的好好，经常帮忙，就是提一个小意见，那个吸烟的装置没有开，但是又不能调高一点，灯下黑那部分经常看不到呢~
61565,112,韩婆婆小院烧烤,鸽物艾,去了很多次，没有一次失望，人爆满
61566,113,韩婆婆小院烧烤,扁担倒了,首先环境很好，很大的一个院坝，对于烤肉店来说空气流通很重要！菜品还是挺丰富的，也比较新鲜，服务也比较满意，下次吃烤肉还会来
61567,114,韩婆婆小院烧烤,人卍生,菜品质量较差，品种过于单一，而且酒杯好多还有缺口。
61568,115,韩婆婆小院烧烤,匿名用户,菜色很新鲜，而且环境也很不错，服务人员态度也非常的好店面位置也很明显，进去后人很多在等到的时候服务人员会把电视打开共消遣，去过一次都打算在去第二次，贴心的服务人员会帮助你烤，你不用担心自己会烤糊，总得来说是非常的好，来了就知道了
61569,116,韩婆婆小院烧烤,NYu800350560,牛肉粒超赞，脑花也是我的最爱，菜品种类也挺多的，主要是看着很新鲜。
61570,117,韩婆婆小院烧烤,tvH944628573,挺不错的
61571,118,韩婆婆小院烧烤,dls182787473,吃过好多次啦，菜品很多哦！而且味道也不错这个价位还不错呢，不过我也是从59吃到现在七十的人，但是以前的饺子没有了，以前的饺子特别好吃，应该是自己包的，现在应该是买的速冻饺子，好可惜我最爱的饺子没有了
61572,119,韩婆婆小院烧烤,ciW317774444,很满意的一次就餐体验，整体评价的话我觉得：环境、服务。
61573,120,韩婆婆小院烧烤,MZG586748574,好吃
61574,121,韩婆婆小院烧烤,璐璐姐732,味道可以，菜品比较新鲜
61575,122,韩婆婆小院烧烤,chenzhenchenchen,奶茶好喝 非常不错
61576,123,韩婆婆小院烧烤,王保长2,第二次去了，感觉还可以吧！人很多
61577,124,韩婆婆小院烧烤,chenzhenchenchen,非常划算
61578,125,韩婆婆小院烧烤,_qqs7c1428908757,距离家里很近，位置也很好找，去的时候的收银态度额，，，退押金的小姐姐态度很好，希望下次可以自己选位置就更好了，整体菜品很新鲜，中类很多，结婚纪念日选的这里，还比较满意，下次朋友聚餐什么的可以再来，值得一试
61579,126,韩婆婆小院烧烤,何嘉朗,菜品一般。环境一般。都是体验都一般。
61580,127,韩婆婆小院烧烤,豆芽豆芽1,还可以，就是小孩没怎么吃，收的也是全价
61581,128,韩婆婆小院烧烤,lLe309010110,在温江发现的一家宝藏级自助烧烤店，菜品比较丰富而且都是小盘装好的，比较方便拿取，也很美观适合拍照。位置很好找就在路边，服务也不错，价格又很优惠，相比起点餐价格优惠了不少菜品又和点餐差不多。最重要的是味道也不错。性价比很高的
61582,129,韩婆婆小院烧烤,扒飞机的小蜜蜂,味道赞，人超多，关键离家近??
61583,130,韩婆婆小院烧烤,zGd342311474,种类挺多的，我觉得还是不错的。（图是随便配的。。。。。）
61584,131,韩婆婆小院烧烤,Xiu吃不饱,味道可以 人超级多 建议提前预约免排队
61585,132,韩婆婆小院烧烤,SeB754465036,不错
61586,133,韩婆婆小院烧烤,cOm707797484,菜品还挺多的，味道也不错，吃了很多次了，周末的时候可能要排队。
61587,134,韩婆婆小院烧烤,wzA984437228,饭菜可口环境非常干净服务的态度也非常好食物也很新鲜真的很不错
61588,135,韩婆婆小院烧烤,怪人。538,吃过很多次，这个价格很不错了，肉新鲜，五花肉鸡皮最好吃，节假日可能要排队。就是有点冷，不在室内，塑料布盖不住，漏风。还是推荐，毕竟好吃新鲜最重要。
61589,136,韩婆婆小院烧烤,文婧也,第一次来韩婆婆吃烤肉，真的巨好吃，每一样菜品都看起很新鲜，干净，主要的是服务员阿姨人超好，我吃那个鲫鱼（怪我自己不小心）卡起了，哪些阿姨接忙来问我，给我拿韭菜喊我吃，给我倒醋，超级暖像个人屋头的亲戚一样，很有人情味
61590,137,韩婆婆小院烧烤,hgY619781892,菜品新鲜，环境很好，工作人员服务态度也很不错，重要的是价格还便宜。
61591,138,韩婆婆小院烧烤,tjf涂,菜品种类多，也比较新鲜，味道还不错
61592,139,韩婆婆小院烧烤,tNk734077548,不错
61593,140,韩婆婆小院烧烤,啾咪小老鼠,时常光顾的一家店，味道还不错。
61594,141,韩婆婆小院烧烤,lxy40095138,还行吧！菜品还不错\(//?//)\
61595,142,韩婆婆小院烧烤,OLD234119966,还行，就是那个肥牛只拿了两盘就没有了
61596,143,韩婆婆小院烧烤,VPV577831707,去晚了？八点多就很多东西没了 难受?
61597,144,韩婆婆小院烧烤,iVU130807083,这次就餐整体感觉很赞，比较满意的方面有：口味、环境、团购接待、性价比、服务。
61598,145,韩婆婆小院烧烤,咕噜周咕噜skr,来这边的最爱，不是之一 。好吃 每次男朋友来我都会带他来这里。牛肉粒真的太好吃了，烧仙草做得也一点不比外面奶茶店差。服务态度反正都是阿姨们在，没有特别热情也没有不好，反正挺自由的。我喜欢这种环境，还有鱿鱼也很好吃呀，生蚝扇贝也是最爱。。。。。。。。。。
61599,146,韩婆婆小院烧烤,WmO285613539,韩婆婆烤肉，菜品很丰富，位置也很好找，有一个院子可以停车，味道巴适。
61600,147,韩婆婆小院烧烤,Zzu560306239,除了上头的抽油烟机不行其他都很好，
61601,148,韩婆婆小院烧烤,喵喵喵喵喵？zz,五花肉很好吃，小点心也很好吃，其他的腌制的肉类感觉腌制的有点重口，有点咸。在院子里面烤不会有油烟散不出去，但是感觉吃的时候一停下来就会有些冷了
61602,149,韩婆婆小院烧烤,半生瓜3,不知为撒要在我的待评价列表里，感觉一般，将就。
61603,150,韩婆婆小院烧烤,fYD912008232,最喜欢她家的牛肉、茄子和小鲤鱼 烤起来相当美味 每次去就专注吃这三样?
61604,151,韩婆婆小院烧烤,ljv927996315,非常好，迟了很多次了一如既往的好，
61605,152,韩婆婆小院烧烤,NellyLing923,菜品还是比较多 环境也OK  味道玛的也比较合适 性价比蛮高
61606,153,韩婆婆小院烧烤,芒果酸奶jiang,菜品种类多，新鲜，沙拉甜点小吃样式丰富，位置也宽，还有停车位，很适合家庭朋友小聚，中午来的，也好多人，自助餐，但是菜品上得快，吃什么自己拿，看着什么都想吃。两个人都吃得好撑，性价比还是高，朋友聚会还会考虑。
61607,154,韩婆婆小院烧烤,knT632966734,肉很新鲜，味道很不错，脑花很好吃
61608,155,韩婆婆小院烧烤,我不爱吃糖哦,和ex来吃过很多很多次。味道不错，菜品丰富，新鲜。人很多，特别是周末，每次都要提前预约。今年五月份来这吃的是最后一次了吧。谁知道呢，吃完这顿就分手了。以后很大几率不会来温江了，还是有点想念这家烤肉的。
61609,156,韩婆婆小院烧烤,美丽世界89,荤菜素菜种类很多！环境很好绿化多！场地宽敞接地气！适合聚餐！公司经常在这里聚员工餐！服务态度很棒，阿姨们很和蔼！主动帮我吗调节火力大小！位置也好找！五花肉，奶茶?小吃水果也新鲜也很多也是适合带小盆友来！
61610,157,韩婆婆小院烧烤,obP917756296,服务态度挺好的，牛肉粒很好吃。
61611,158,韩婆婆小院烧烤,Nmr176046682,好吃，喜欢吃他家的粉丝扇贝，小乳猪。
61612,159,韩婆婆小院烧烤,图图图图ii,一级棒奶茶超级好喝，烤年糕我太爱了！我吃了两锅考年糕，狠自己肚子不争气吃不了那么多，但是五花肉真的太棒了吧，环境也很好，我觉得是我会再来的地方呢 【性价比】很高而且菜也很新鲜， 【口味】非常奈斯，刚刚好，
61613,160,韩婆婆小院烧烤,zuT336384912,前台人员服务态度很差，不过味道还可以
61614,161,韩婆婆小院烧烤,LLk368908373,好吃，喜欢，菜品新鲜，环境也挺好的，是我喜欢的！
61615,162,韩婆婆小院烧烤,哎哟喂哇色,味道挺棒的，各式各样美味的菜品，花样繁多，口味独特，经济实惠，服务周到，下次有机会还会再来光顾。味道挺棒的，各式各样美味的菜品，花样繁多，口味独特，经济实惠，服务周到，下次有机会还会再来光顾。味道挺棒的，各式各样美味的菜品，花样繁多，口味独特，经济实惠，服务周到，下次有机会还会再来光顾。
61616,163,韩婆婆小院烧烤,pUx186298064,666
61617,164,韩婆婆小院烧烤,LLk368908373,好吃，环境，菜品都不错！
61618,165,韩婆婆小院烧烤,黑色决明子,再一次打卡韩婆婆，个人认为是温江最好的自助烤肉。就在鱼凫路的尾巴上，地方好找，也好停车。大力推荐本人最好的烤脑花儿和鸡皮。煮完的脑花锅底还可以煮点儿小瓜啊，土豆啊这些素菜。还有烧仙草，布丁，冰淇淋，奶茶哟！喜欢烧烤的小可爱们一定要去打卡哟。
61619,166,韩婆婆小院烧烤,小二娃的哥,去过很多家自助烤肉，这家的烤肉真的强烈推荐。
61620,167,韩婆婆小院烧烤,UbU941926466,食材新鲜，味道不错，可以来试试
61621,168,韩婆婆小院烧烤,akkkk1,晚上去的 去的时候发现菜品不算特别多 扇贝这种都是一点点拿出来 辣椒碟子特别麻 麻嘴
61622,169,韩婆婆小院烧烤,小二娃的哥,好吃
61623,170,韩婆婆小院烧烤,Mr_C_C_,【口味】吃了几年了，味道可以。 【环境】院子挺大，位置挺多的，但架不住来的人也多。 【服务】嬢嬢们服务周到。
61624,171,韩婆婆小院烧烤,mcx294453213,很好吃。菜品也很多。大人小朋友都有吃的。晚上生意特别好。要去吃的记得提前去。
61625,172,韩婆婆小院烧烤,6339哦,真的真的值不了70，40多还差不多，性价比太低了，味道也不好。一个盘子里面几片肉，盘子还很重，拿菜的地方还很远。
61626,173,韩婆婆小院烧烤,纯属瞎扯102,味道是真的不错，去了三四次了，结果这一次我才知道生蚝是要找阿姨要的，没有摆出来的，而且摆菜的阿姨实在有点扣，一个劲的叫我们少拿点。你一盘扇贝也就摆了6，7个，一人两个还吃不完吗？再说了，开自助不就是让别人随便吃吗，你要是怕别人吃的多，就不开了呗，总之这次体验让人心情不太好！
61627,174,韩婆婆小院烧烤,Eleoar,还可以，就是位置太偏了，科室聚餐开车去的，吃完饭，打车有点不方便。
61628,175,韩婆婆小院烧烤,人卍生,服务员态度不好，环境也不太好、菜的品质太差。
61629,176,韩婆婆小院烧烤,大树娜姆,菜品都很新鲜 环境也很好 只是没有了以前的血糯米肠 好可惜
61630,177,韩婆婆小院烧烤,匿名用户,十分不错。下次还来吃！很有特色。
61631,178,韩婆婆小院烧烤,匿名用户,"70一位还是可以的，菜品还可以，不像那些便宜的自助餐，非常适合聚餐团建活动。那个烧仙草甜品很好吃！五花肉很nice
 扇贝 和生蚝都很巴适。   唯独就是吃到后面工作人员都吃饭去了 菜就不怎么补了"
61632,179,韩婆婆小院烧烤,SqK153673155,味道很棒，菜品丰富
61633,180,韩婆婆小院烧烤,毒颜颜,味道真的不错，有重庆火锅的感觉
61634,181,韩婆婆小院烧烤,285HZ.,菜品丰富，选择性多，价格适中。
61635,182,韩婆婆小院烧烤,Fzk259320068,还不错嘛，就是可以搞一些优惠活动就好了
61636,183,韩婆婆小院烧烤,iOz495883257,去的时候是中午，菜品都很新鲜啊，菜品数量种类也非常丰富，也有各种小食饮品供我们选择，我们六个人聚餐吃的饱饱的，而且服务员阿姨也很niceeee啊，还会教我们哪种菜用什么火烤，真的墙裂推荐！！！棒棒棒！！
61637,184,韩婆婆小院烧烤,九点疯,去过2次，第一次中午去的，菜品都没有，肯定是中午人不多没有拿出来哈，第二次是晚上去的，菜品还比较丰富，蔬菜比较新鲜，特色小猪肉还可以，我个人比较喜欢吃虾子，但是去哪了3盘过，那个人就不想让我拿了，说没有了，最后我吃完了，又看到拿出来了。
61638,185,韩婆婆小院烧烤,_qq3c21412956701,此次用餐总体来说不错，觉得比较认可的地方有：口味、性价比。
61639,186,韩婆婆小院烧烤,YF19870504L,菜品太少了些
61640,187,韩婆婆小院烧烤,我还会努力,性价比不是很高 可以带女朋友体验一下
61641,188,韩婆婆小院烧烤,公子兰渊,韩婆婆，温江烤肉永远滴神！最近新加的牛肉粒也很好吃
61642,189,韩婆婆小院烧烤,毒颜颜,已经很多次来消费了，好吃好吃，性价比超高
61643,190,韩婆婆小院烧烤,JIF891696028,不错吧，自己慢慢去感受吧，只能说性价比还是很不错，
61644,191,韩婆婆小院烧烤,匿名用户,好评
61645,192,韩婆婆小院烧烤,zOl849261635,菜类新鲜干净卫生，肉类少但是都是好的肉肉，特别是烧仙草特别好喝，我每次去都喝好几杯，烤茄子，烤鲫鱼，还有我最喜欢的烤鱿鱼须，烤鸡翅，都是特色菜，上次来的时候还有牛蛙，今天没有，所以来的时候尽量避开高峰期。这样食物多点！！！！
61646,193,韩婆婆小院烧烤,rZy526537413,好吃 五花肉腌制的很好 那个烤馍片也好好吃 时不时就会想去吃 奶思
61647,194,韩婆婆小院烧烤,JIF891696028,还可以吧！
61648,195,韩婆婆小院烧烤,XNc597385666,差评，来过三次，三次感官都不好，绝不会再来了，服务员态度差，有些理都不理人，生蚝和扇贝简直要靠过抢，摆在里面都不端出来，扣馊
61649,196,韩婆婆小院烧烤,Yt734,「#套餐：特色烤肉自助1位」菜品丰富，味道巴适~
61650,197,韩婆婆小院烧烤,ADi419355104,还行吧可口可乐了看看可口可乐了看看
61651,198,韩婆婆小院烧烤,匿名用户,【口味】不错 【环境】挺好的 【服务】周到 【性价比】可以
61652,199,韩婆婆小院烧烤,Xoj657037781,不给生蚝，藏着掖着。。。。。。。
61653,200,韩婆婆小院烧烤,Ykk小样,就很舒服，越吃到后面越舒服，这家店适合慢慢来的兄弟，急吃不好
61654,201,韩婆婆小院烧烤,匿名用户,巴适，不错…
61655,202,韩婆婆小院烧烤,豆芽豆芽1,味道还是可以的，带了两个小孩，身高刚好130，全价，两个小孩就吃了炒饭和几个蒸饺，天价炒饭（开个玩笑）。蒜香五花肉很好吃。
61656,203,韩婆婆小院烧烤,bJc477198276,味道超赞的，已经是第二次去他们家了！
61657,204,韩婆婆小院烧烤,匿名用户,可以，很不错，
61658,205,韩婆婆小院烧烤,吴安兰,「#套餐：特色烤肉自助1位」 【服务】 【性价比】 【环境】 【口味】不错
61659,206,韩婆婆小院烧烤,匿名用户,菜品还是多，味道也可以，就是那个生蚝很无语， 你不找他拿，他是几乎很少主动拿出来摆盘，然后你去找他拿两三次之后（每次几乎三个），他直接跟你说没了? 结果看到隔壁桌就去拿到了。 反正就生蚝特别抠搜。
61660,207,韩婆婆小院烧烤,sallyxiao29,味道独特价格也实惠
61661,208,韩婆婆小院烧烤,嘻嘻嘻嘻啊1234,去的时候人很少 我觉得还行吧 没有很惊艳
61662,209,韩婆婆小院烧烤,匿名用户,一般，没有想象中那么好，油烟较大
61663,210,韩婆婆小院烧烤,唐老鸭的捣蛋鬼,好吃
61664,211,韩婆婆小院烧烤,甘甘361,菜品看着挺新鲜的，生意也好，服务的阿姨态度还可以，正体来说团队聚餐还行吧
61665,212,韩婆婆小院烧烤,波蜜蜜。,服务态度差，味道太咸了，灯光太暗，菜品比较少。
61666,213,韩婆婆小院烧烤,tkO850146960,菜品很新鲜有我最爱的五花肉漂亮
61667,214,韩婆婆小院烧烤,糖罐儿里de吃货,可以很大东西多随便吃还好推荐美团买便宜
61668,215,韩婆婆小院烧烤,ZbU530664486,此次用餐总体来说不错，觉得比较认可的地方有：团购接待。
61669,216,韩婆婆小院烧烤,ovA366646291,五花肉超级好吃呀，还有肥牛，同学喝了很多烧仙草，性价比比较高。
61670,217,韩婆婆小院烧烤,iDA297718928,也没有网上说的那么那么好吃，只是去凑个热闹，尝尝味道
61671,218,韩婆婆小院烧烤,Luojingchun6688,绝对的差评！！！刚刚1.3米的小朋友还没满7岁非要收成人价格，整个过程小朋友就吃了两个冰激凌一小份火龙果一小份哈密瓜，沾碟一点都没动过，最后走前吃了一个布丁，就吃了这么点东西收了70元，不给差评都对不起那70块钱
61672,219,韩婆婆小院烧烤,爱吃樱桃的妹儿,很多很多次了，隔三差五就想吃一顿，最喜欢里面的烧仙草～烤牛肉～每一次吃的撑撑的
61673,220,韩婆婆小院烧烤,冬儿0802,就在附近上班，第一次来吃，但是感觉好后悔。居然上班三年第一回来吃。价格在美团上是70一人。开始来怕有点失望，抱着尝一尝的态度，但是看到那么多人，就觉得肯定不错了，果真菜品很新鲜，种类多，不像那种外面的一看就很便宜的东西，牛肉粒，生蚝扇贝，五花肉，还有冰激凌……除了烤起来有点热，真的很不错(*?′╰╯`?)?
61674,221,韩婆婆小院烧烤,C736462124,烤熟的速度很快，个别的菜品不行，大多数的都好吃
61675,222,韩婆婆小院烧烤,iOz495883257,菜品种类丰富，一小份一小份的也能让我们吃的更多种类的菜品，味道也棒棒哒！！
61676,223,韩婆婆小院烧烤,T8023小公仔,五花肉，蒜泥五花肉，爱了爱了，还有我最爱的小白瓜，良心商家给个赞，推荐！！！！！！！
61677,224,韩婆婆小院烧烤,Agoni70023,除了各种烤肉，还有一些甜品、布丁、烧仙草、各种小菜，选择多多，味道超好，适合全家人一起来吃。
61678,225,韩婆婆小院烧烤,lkL654456545,适合一群人一起，快乐，聊天吃饭～
61679,226,韩婆婆小院烧烤,tgz487104794,很满意的一次就餐体验，整体评价的话我觉得：份量充足、菜品丰富、口味不错、服务到位。
61680,227,韩婆婆小院烧烤,usW718401852,第一次去吃的脑花，觉得很好吃很满意，再去就基本没啥菜了，七八点也不算太晚吧，后来就不怎么去了
61681,228,韩婆婆小院烧烤,云淡风清9237,味道还行，环境一般，生意很好，服务员态度一般，脑花不怎么样，不太新鲜的感觉
61682,229,韩婆婆小院烧烤,匿名用户,特别好吃
61683,230,韩婆婆小院烧烤,DavidRL,味道不错 环境也还可以 菜品比较充足
61684,231,韩婆婆小院烧烤,AYA慧慧,位置好找，看着很小，里面还是很大的，味道阔以尤其烧仙草，我吃了3碗
61685,232,韩婆婆小院烧烤,DXx400111883,"首先说菜品 味道码的很重  我们大人吃勉强接受 小孩想吃两个的话偏咸了 半夜两三点口渴的不行  第二天还有点拉肚子
其次人比较多 六点半到 等位等了一个多小时  结果是个最靠里面的桌子  夏天闷热不透气 风扇的风 扇过来全是烟子 整来眼睛都睁不开 不建议带娃娃去 聚餐还可以 菜品比较多 价格也相对便宜"
61686,233,韩婆婆小院烧烤,lZo106301780,和外公外婆一起吃的 总体来说还不错 不过也算中规中矩没有特别的惊艳  蘸料可以再多种一些  小布丁很赞 还有鱼 希望下次体验更好
61687,234,韩婆婆小院烧烤,xzY776600619,已经买过很多次了，特别划算，菜品很新鲜，会一直回购
61688,235,韩婆婆小院烧烤,Z馨怡吖,总的来说还是很满意 先前看评论说服务态度不好的有很多 但是今天来看 服务态度很好啊 要什么菜都可以给阿姨说 阿姨马上就上新 菜品都很新鲜 味道也很好 所以生意好也是有原因的 很好！以后还会来！
61689,236,韩婆婆小院烧烤,NBk53698893,蒜泥五花肉超好吃
61690,237,韩婆婆小院烧烤,林里乡亲,不错，来了很多次了！品类很多，通风好！
61691,238,韩婆婆小院烧烤,vNr871696589,很满意的一次就餐体验，整体评价的话我觉得：口味、服务、环境、性价比、团购接待。
61692,239,韩婆婆小院烧烤,VWX968676555,很久没去了，菜品又提升了
61693,240,韩婆婆小院烧烤,dMl118855565,很满意的一次就餐体验，整体评价的话我觉得：口味、环境。
61694,241,韩婆婆小院烧烤,jqY289443295,还不错?????好吃?
61695,242,韩婆婆小院烧烤,jqY289443295,不错?好吃?赞赞赞???
61696,243,韩婆婆小院烧烤,幻影拜金女,此次用餐总体来说不错，觉得比较认可的地方有：菜品丰富。
61697,244,韩婆婆小院烧烤,cooper的麻麻,很不错，好吃，下次再来！！！！
61698,245,韩婆婆小院烧烤,fCH931374219,和男朋友一个月打卡两次，哈哈哈哈，值得推荐的自助。
61699,246,韩婆婆小院烧烤,Pxd664236315,菜品有点少。停车不好停。多加点菜品
61700,247,韩婆婆小院烧烤,fCH931374219,好吃
61701,248,韩婆婆小院烧烤,wvl680191913,此次用餐总体来说不错，觉得比较认可的地方有：口味、环境、性价比、服务。
61702,249,韩婆婆小院烧烤,QQW354060246,一如既往的好吃
61703,250,韩婆婆小院烧烤,辰010,菜品种不多，味道还可以，环境一般。
61704,251,韩婆婆小院烧烤,公子兰渊,我可太喜欢韩婆婆的蒜蓉五花肉了！还有烤馒头片，特别解腻
61705,252,韩婆婆小院烧烤,jJL997263729,很棒哦，就是饮料口味比较少，满分十分我给9.8分，反正不会坑的店哦
61706,253,韩婆婆小院烧烤,L55577q,别人推荐过来的，味道不错，小吃甜品都好吃，只是去的晚了，没啥菜，蒜香五花肉简直不摆了
61707,254,韩婆婆小院烧烤,任海园,非常巴适！
61708,255,韩婆婆小院烧烤,怡1o,好吃，菜品很多，肉肉多
61709,256,韩婆婆小院烧烤,PJx964341916,此次用餐总体来说不错，觉得比较认可的地方有：配菜合理、菜品丰富、口味不错、份量充足、环境优美、服务到位。
61710,257,韩婆婆小院烧烤,毒颜颜,性价比超高的烤肉
61711,258,韩婆婆小院烧烤,毒颜颜,吃了无数次了，性价比超高
61712,259,韩婆婆小院烧烤,BGm993865135,吃过好几次韩婆婆了，味道nice，而且菜品是一份一份的很方便
61713,260,韩婆婆小院烧烤,boy5840,味道不错  来了三四十次了 如果可以办VIP我应该说是SVIP 从刚开业一个星期吃到现在  一个月来一次 有时候一个月来两三次  就冒昧问一句能有VIP吗
61714,261,韩婆婆小院烧烤,hvE882242558,态度不好，剩一点都不退押金！主要是态度不好，菜品一般，
61715,262,韩婆婆小院烧烤,匿名用户,昨晚第一次去，除了服务员会催着走，其他都很好。。。我们属于喜欢慢慢吃的，吃一会儿聊一会儿再吃，聊天的时候服务员就来把火给关了，问了四次是不是吃完了，我们说没有，还是在旁边时刻准备收桌，然后我们就走了。。。。至于菜品确实挺不错的，品种不算太丰富，但是都很好吃，冰淇淋奶茶也都喜欢，下次能多找几个人再去吧，唉
61716,263,韩婆婆小院烧烤,wnJ248844132,除了五花肉和小香猪，店里的其他菜品也都是韩婆婆的特色菜，带感的烧烤，讲究的吃法，样样都好吃。
61717,264,韩婆婆小院烧烤,EwJ331362043,整体来说还是不错的，菜品很多小吃水果也很多
61718,265,韩婆婆小院烧烤,fIG110401711,环境不错，菜品也很好，值得尝试，经常排队都排都久
61719,266,韩婆婆小院烧烤,GEn708334411,味道巴适，服务也好，很适合三五好友聚会聊天
61720,267,韩婆婆小院烧烤,Luojingchun6688,收银台态度差！菜品味道真的非常非常一般！没得一样味道特别好的东西，不晓得这个第一是咋来的。吃了一次不想吃二次
61721,268,韩婆婆小院烧烤,ybl5878,只能说真的太赞了，光顾几次了，和姐妹一起去的，大家都超爱，就是怕长肉肉。
61722,269,韩婆婆小院烧烤,臭臭是只博美,好吃 好吃 真的好吃 不错 我们都是老顾客了 第一次去的时候是网上订位 后来知道那个地方了 隔三差五就去一次 朋友聚会 还是朋友生日 都去
61723,270,韩婆婆小院烧烤,迷彩鉫身,「#套餐：特色烤肉自助1位」差的一批
61724,271,韩婆婆小院烧烤,匿名用户,和预期差太远了 希望可以继续跟进
61725,272,韩婆婆小院烧烤,ybl5878,炒鸡棒的一家自助烧烤，已经去过几次了，朋友们都很喜欢。
61726,273,韩婆婆小院烧烤,小喵莉,第三次去了 除了他们家油烟机依然没什么效果外，其他都挺好。 烧仙草老好吃了 烤脑花、烤鸡皮也是必吃
61727,274,韩婆婆小院烧烤,ybl5878,炒鸡棒的自助烧烤，光顾几次了，依然没有改变，值得推荐哦！
61728,275,韩婆婆小院烧烤,yPX958810155,「#套餐：特色烤肉自助1位」还可以，不算便宜也不算贵。朋友推荐来的，菜品还算丰富，味道还行。
61729,276,韩婆婆小院烧烤,匿名用户,环境不错，味道巴适
61730,277,韩婆婆小院烧烤,qsM140904723,那个五花肉是挺好的，那个布丁和奶茶也很好喝，但是码料码得有点咸，还有那个菜有时候缺，但是半天都补不上来
61731,278,韩婆婆小院烧烤,wwww91666,无数次来了，聚餐好地方，好吃，热闹，每次都吃得超饱
61732,279,韩婆婆小院烧烤,QKc610072702,性价比这么的很高，不错
61733,280,韩婆婆小院烧烤,hl5669980,很满意的一次就餐体验，整体评价的话我觉得：口味不错。
61734,281,韩婆婆小院烧烤,柒762,去了好多次了，强烈推荐。比较卫生，口感不错。
61735,282,韩婆婆小院烧烤,LDx351888831,很满意的一次就餐体验，整体评价的话我觉得：配菜合理、服务到位、口味不错、菜品丰富、份量充足、环境优美。
61736,283,韩婆婆小院烧烤,iiz849620282,还可以
61737,284,韩婆婆小院烧烤,ohy213431979,菜品丰富，唯一不足就是当天去的时候，火力不够，烤的比较慢
61738,285,韩婆婆小院烧烤,aIk733835962,味道巴适，菜品新鲜，吃了还想吃????
61739,286,韩婆婆小院烧烤,z.j624,好吃
61740,287,韩婆婆小院烧烤,lHu470294448,这个价位的烤肉真的是不错了，而且有特点。确实在这边排的上号。氛围很足，我们去的那天在下雨，以为人不多，结果还是坐满了。大家可以试试这个。
61741,288,韩婆婆小院烧烤,cqy19981010,可以
61742,289,韩婆婆小院烧烤,qym903311220,老顾客了，涨价没意见，但是涨了价服务比以前还差了，吃个东西服务员跟监视犯人一样，希望商家关注
61743,290,韩婆婆小院烧烤,hy46,每次想吃肉了都去这家
61744,291,韩婆婆小院烧烤,萌萌的刚好M,每次都喜欢在韩婆婆哪里吃，味道不错，就是小吃麻元好像没有炸好，好吃，特别喜欢五花肉，和牛肉，太多了哈哈
61745,292,韩婆婆小院烧烤,jxb627943152,吵架棒
61746,293,韩婆婆小院烧烤,AvB575833480,还行吧，和朋友一起去的
61747,294,韩婆婆小院烧烤,最爱你的猪,一般般吧，主要有点热，毕竟是院坝烤肉
61748,295,韩婆婆小院烧烤,cx新希望,感觉不如从前了，我们五点过去的，本来想着早点去菜品多点，没想到去拿菜荤菜基本就只有五花肉和牛肉可以烤，第二次去拿菜连牛肉都没有了，本来是冲着蒜香排骨去的，结果一直到最后七点多都吃饱了才看到有的，还有鸡翅有怪味
61749,296,韩婆婆小院烧烤,匿名用户,已经吃了好几次了，味道特别赞，我和室友放假就要来吃一次，特别好
61750,297,韩婆婆小院烧烤,iXm567435633,巴适，菜品多新鲜！最好提前定位，不然有点老火！太多人去吃了
61751,298,韩婆婆小院烧烤,News多多,位置太远了，菜品还好，味道也不错，就是庭院里面好热呀，那天中午去的。还是适合晚上去吃，坨坨牛肉你值得拥有，哈哈
61752,299,韩婆婆小院烧烤,iXm567435633,和朋友一起去吃的！太多人了，一定要提前预约，不然去了就只有等到
61753,300,韩婆婆小院烧烤,匿名用户,菜品多，喜欢那个骰子牛肉，下次一定还去
61754,301,韩婆婆小院烧烤,发霉的小李,以前经常去，五点过去的都已经有人了
61755,302,韩婆婆小院烧烤,匿名用户,服务态度撇！说话太臭了 ！最不满意这次就餐 ！
61756,303,韩婆婆小院烧烤,JEl437464685,菜品丰富，干净卫生，味道不错，值得推荐
61757,304,韩婆婆小院烧烤,Ldc144049679,自助餐不划算，尤其是女人和娃娃多……有个小盆友才1米多点点都给我算钱了
61758,305,韩婆婆小院烧烤,匿名用户,一肚子的火 ！服务太差了 ！说话难听 ！
61759,306,韩婆婆小院烧烤,Nif103412837,推荐牛小粒，
61760,307,韩婆婆小院烧烤,溟萱,还行吧，比想象的差，不是很好。
61761,308,韩婆婆小院烧烤,Sbd782482712,这是我吃过的最巴适的烤肉，肉质新鲜，美味一绝占碟?下次继续来
61762,309,韩婆婆小院烧烤,hy46,去很多次了，不错
61763,310,韩婆婆小院烧烤,PfL222742093,回头客了，经常有朋友过来都会带来吃吃，但是对于我这种胃小的女生来说，两个人来吃，也有点浪费，还是建议人多点来吃要巴士点噢
61764,311,韩婆婆小院烧烤,hNw174172070,特别好吃。去了好几次。锡纸烤老花，小猪肉，蒜香五花肉都好吃，
61765,312,韩婆婆小院烧烤,潇潇雨歇雨潇潇,排了很久队！轮到我们的时候，已经没啥菜了！结账时还被告知不开发票！
61766,313,韩婆婆小院烧烤,橙子卟乖,菜品很新鲜，很有自己的特色，尤其是脑花和鲫鱼的味道简直棒
61767,314,韩婆婆小院烧烤,hNw174172070,已多次去吃了。很不错。棒棒哒
61768,315,韩婆婆小院烧烤,匿名用户,吃完烤肉之后，我们几个都还没到家就全都肚子痛，然后开始拉肚子，现在十一点了肚子仍然隐隐作痛！也是醉了，这么热的天，没空调流着汗吃完还要拉肚子，不会再去了
61769,316,韩婆婆小院烧烤,王王王小米子er,比价喜欢吃烤肉
61770,317,韩婆婆小院烧烤,狮子爸比,"朋友强烈推荐的院坝烧烤，原以为就是一般的西昌烧烤，结果很【惊喜】，口味【不错】，服务【贴心】，性价比一流！！！

院里能停车很方便，菜品丰富，尤其是蒸饺特别巴适，吃了好几笼，哈哈哈。

位置很好找，国色天香下高架就到，周末带娃娃来耍完了还可以顺便吃一顿！"
61771,318,韩婆婆小院烧烤,hNw174172070,很不错。已多次来吃。
61772,319,韩婆婆小院烧烤,gongxue9500,还行吧，饮料品种太少了
61773,320,韩婆婆小院烧烤,gongxue9500,海鲜太少了，其他还可以
61774,321,韩婆婆小院烧烤,nYs165131315,去的时候九点半，结果好多菜品都没有了。
61775,322,韩婆婆小院烧烤,vnl876629483,首先哈，疫情期间还是有测体温啊什么的，只是最开始等位的时候前台服务员小姐姐态度实在不太好，可能是生意太好吧，之前来都是部门一起来的，可能我没直接来过前台吧，反正不太喜欢。另外哈，菜品没有以前好了，这是真的，价格涨了不少，东西冻货太多，蔬菜种类也少，小吃甜品有些小朋友弄得有点那啥，也没事及时阻止或者清理，除了收桌子的嬢嬢态度特别好以外真的没啥意思了，以后应该不会再来了，性价比太低了，烤肉店层出不穷的，不是只有你们的哦，还是把握好吧。老店还是口碑重要些，别自己砸牌子了。
61776,323,韩婆婆小院烧烤,johnnyliao,还不错? 【性价比】不错环境开放式
61777,324,韩婆婆小院烧烤,猪肉大大王子,真心很不错.  很不错 只想说很不错。来了很多很多次了。菜品越来越多 越来越丰富了！
61778,325,韩婆婆小院烧烤,NYC954980185,生意超级好这家，我们去周边玩儿就团的这家，味道确实很棒，也很新鲜
61779,326,韩婆婆小院烧烤,QKc610072702,价格还是贵，菜品少，比较热
61780,327,韩婆婆小院烧烤,C不过尔尔,很不错
61781,328,韩婆婆小院烧烤,匿名用户,和朋友吃了一半服务员想把我们菜端走，我朋友吃到一半上个厕所居然就有服务员来关我们的火，是我们俩挡着你们下班了吗？还是挡着你们做生意了。那么急的让我们走。??
61782,329,韩婆婆小院烧烤,刚刚好的时候,感觉一般吧，没有特别能吸引到的地方
61783,330,韩婆婆小院烧烤,pWZ235307691,味道很好，菜品新鲜丰富，价位非常实惠了，不出意外以后会经常来这家烧烤
61784,331,韩婆婆小院烧烤,匿名用户,服务太不好，以前都不是这样的，还陪吃完就在那说，价格还涨了，有点失望。
61785,332,韩婆婆小院烧烤,毒颜颜,已经被韩婆婆种草了，最喜欢吃韩婆婆了，唯一觉得不好的就是老人家没有优惠，80岁的老人几乎都只能吃稀饭，可是还是和成人一样70元，不划算
61786,333,韩婆婆小院烧烤,azm172414536,生意太好了，不好停车，人多了，全是烟味，简直不能正常吃东西
61787,334,韩婆婆小院烧烤,azm172414536,生意太好了，空气中弥漫着浓郁的烟熏味，停车也是没位置
61788,335,韩婆婆小院烧烤,邝看看呀，,菜品还是很不错的，但是服务是真的，差到极点，算是我在温江见过最差的自助服务，所有的孃孃些都像你欠他啥一样，问下杯子在哪儿半天不张人。过来还脸色特别不好
61789,336,韩婆婆小院烧烤,lVL501439761,"菜品丰富 性价比高 高峰排队 连续三次 扶墙出门。

必须好好评价一个，希望老板下次打个骨折，哈哈哈。"
61790,337,韩婆婆小院烧烤,jiO423664299,蛮好吃的，性价比很高，东西货真价实，店员服务也挺好的，值得试试。他们家牛肉好吃。去之前记得先预约，不然要等生意真的很好！
61791,338,韩婆婆小院烧烤,QAa702430819,韩婆婆小院烧烤味道还不错，和家人去吃了好多次了，70一位价格也不算贵，菜品也挺新鲜，也挺丰富的，品种很多，小吃酒水饮料都有的.最喜欢吃她家的牛肉和烤脑花、还有五花肉，沾上海椒面味道巴士.她家烤茄子也好好吃.
61792,339,韩婆婆小院烧烤,SWD213756253,味道还不错
61793,340,韩婆婆小院烧烤,SWD213756253,味道不错
61794,341,韩婆婆小院烧烤,匿名用户,菜品比以前少了很多，而且感觉有的不太新鲜。服务态度也不如以前了
61795,342,韩婆婆小院烧烤,XGP957107305,还是可以，吃了好几次了，只是现在还必须坐她安排的位置了，这就不安逸
61796,343,韩婆婆小院烧烤,草莓同学hhh,小吃好吃 其他就还好
61797,344,韩婆婆小院烧烤,Lzf593471301,菜品少，不新鲜，两个人吃了回家就拉肚子。
61798,345,韩婆婆小院烧烤,WPM804035598,挚爱蒜香
61799,346,韩婆婆小院烧烤,dbX357907117,味道一如既往，不过花样好像没有以前多了。
61800,347,韩婆婆小院烧烤,Wing芳子,韩婆婆小院烧烤跟老公吃了不下三十次了，刚开业的时候住在温江经常会去，后来回成都了，周末也会开车去吃，生意是越来越火爆，菜品种类比较丰富，也比较新鲜，味道也很不错，边看边吃氛围非常好，价格也比较实惠，自助烤肉这个价格能吃到这么多种类的菜品真心很不错，推荐！！！
61801,348,韩婆婆小院烧烤,Fhv899869988,好吃 都已经去吃了好几次了 每隔一段时间不吃就想
61802,349,韩婆婆小院烧烤,xqN255605669,感觉一般般、菜品一般吧、收银员小姐姐温柔可爱。
61803,350,韩婆婆小院烧烤,容猪猪,菜品没以前那么好
61804,351,韩婆婆小院烧烤,匿名用户,菜还是很多的，但是补菜不算很及时，总体推荐。用餐人很多，提前去哟～
61805,352,韩婆婆小院烧烤,osR636582101,去了很多次了
61806,353,韩婆婆小院烧烤,WtY289147839,带儿子去国色天香玩，可是设备开得特别是少非常不好玩。所以就搜美团找附近好吃的，搜到这家第一名，还在美团上预约了位置。因为是周五中午，没有几桌，大堂里的阿姨服务很好。菜品也不少，小香猪肉和牛肉是家里两个男人最爱吃的。
61807,354,韩婆婆小院烧烤,QHa392629918,服务态度好
61808,355,韩婆婆小院烧烤,GfA369292848,还可以，东西也算比较齐全，甜品也挺好的
61809,356,韩婆婆小院烧烤,MOJ725371601,还行
61810,357,韩婆婆小院烧烤,DAJING呀,菜品比以前多了
61811,358,韩婆婆小院烧烤,cAe239265583,吃了很多次了，只要想吃烤肉了就会去着家
61812,359,韩婆婆小院烧烤,安然逍遥,食材还可以，但是品种比较少，嗯，价格不贵。
61813,360,韩婆婆小院烧烤,安然逍遥,好吃，食材不错，但种类较少。价格不贵。
61814,361,韩婆婆小院烧烤,LKL138846491,味道不错，烧仙草超级棒?
61815,362,韩婆婆小院烧烤,xttu150,菜品新鲜，味道不错
61816,363,韩婆婆小院烧烤,黎轩魁,味道不错 菜的品种也是更多的非常好吃
61817,364,韩婆婆小院烧烤,匿名用户,带了很多朋友来吃，还不错
61818,365,韩婆婆小院烧烤,TKa110098243,还不错，五花肉可以的。
61819,366,韩婆婆小院烧烤,匿名用户,不错
61820,367,韩婆婆小院烧烤,YFW679183262,味道很巴适，服务也不错，菜品好
61821,368,韩婆婆小院烧烤,sndeurrra,"地方不大，环境一般，服务也不怎么样，只有两个人，但是菜品和味道可以！(除了不怎么新鲜，酸不溜久的鲫鱼，这个真的吃不来)  
推荐排骨和五花肉，味道不错，这家烤肉算是我吃过比较好吃的烤肉了，回家也没有出现拉肚子什么的，想下次再去！"
61822,369,韩婆婆小院烧烤,BkT366960093,好吃，最喜欢牛肉和五花肉
61823,370,韩婆婆小院烧烤,kxj914259166,菜品挺丰富的，环境也还行，味道不算太惊艳，总体来说还不错。
61824,371,韩婆婆小院烧烤,adoudoudou_,菜品新鲜 第二次来这里吃了 还不错
61825,372,韩婆婆小院烧烤,一醒如梦,菜品还是多，也比较新鲜，环境也很好。
61826,373,韩婆婆小院烧烤,匿名用户,我和老婆吃了都拉肚子。没以前好吃。菜品也不行了。生意也没以前好了，不干净。
61827,374,韩婆婆小院烧烤,匿名用户,第一次去年来吃还挺好的。今年来吃菜品不行，最关键不干净了，吃了拉肚子。
61828,375,韩婆婆小院烧烤,娃哈哈我要原味滴,不错  还是可以的          好好好  好啊哈哈  好好好哈好好
61829,376,韩婆婆小院烧烤,匿名用户,一般，味道还行，但服务员态度和某些动作卫生看着确实不舒服
61830,377,韩婆婆小院烧烤,匿名用户,服务 菜品新鲜 味道也不错 安利安利
61831,378,韩婆婆小院烧烤,lm此情可待成追忆,其他都不错，就是凳子坐着不舒服……
61832,379,韩婆婆小院烧烤,唐梦一米六,吃过很多次了，还可以。性价比高
61833,380,韩婆婆小院烧烤,chui1998,菜品种类丰富，比较新鲜，超级喜欢吃?你们家的烤肉???
61834,381,韩婆婆小院烧烤,匿名用户,聚会强烈推荐掌中宝特别特别好吃  脑花稍微有点辣 其他的都特别特别好吃 吃很多次了 推荐推荐
61835,382,韩婆婆小院烧烤,chui1998,吃过很多次了，超级喜欢吃你们家的烤肉，比较新鲜，安逸???
61836,383,韩婆婆小院烧烤,匿名用户,味道一般，环境太吵了 ………………
61837,384,韩婆婆小院烧烤,匿名用户,菜品挺多的，味道也很好，最喜欢的是蒜泥五花肉，不过有点肥
61838,385,韩婆婆小院烧烤,chui1998,菜品样数还是多，超级好吃?
61839,386,韩婆婆小院烧烤,chui1998,超级好吃?
61840,387,韩婆婆小院烧烤,打饱嗝的小芹菜,其实就很一般。。。。。比较适合公司聚餐那种，毕竟酒水随便喝
61841,388,韩婆婆小院烧烤,qCl849858319,好吃好吃
61842,389,韩婆婆小院烧烤,Fri714256440,去了三次，这次一直喊收空盘阿姨都不理，吃完了才来收
61843,390,韩婆婆小院烧烤,南音ing.,强烈推荐蒜香五花 烤茄子 脑花 鲫鱼 烧仙草也很赞
61844,391,韩婆婆小院烧烤,匿名用户,最好吃的肥牛被老板换成了合成肉，再也不会去了。
61845,392,韩婆婆小院烧烤,BGm993865135,超级推荐 我觉得菜品很新鲜 而且是一份一份装好的 方便我们拿取 饮料也很多 还有水果沙拉和烧仙草布丁那些  蒸的也有好些品种 我觉得蒜香排骨和蒜香五花肉超级美味 强烈推荐 鱼也很好吃 酸酸甜甜的 我比较喜欢 小香猪烤得焦焦得吃起来也很香 想打五星的烤肉 哈哈哈
61846,393,韩婆婆小院烧烤,qWJ719973151,去了三次
61847,394,韩婆婆小院烧烤,江星樾,一般般了，菜品比较少，过生日温江那家没关门，才来这家得
61848,395,韩婆婆小院烧烤,zme963719651,味道很一般。 自助就只有这个水平了。
61849,396,韩婆婆小院烧烤,Aum870757989,味道很好，真不错，又想吃了，过几天来吃。
61850,397,韩婆婆小院烧烤,Gpk712434982,味道好，菜品多，适合聚餐
61851,398,韩婆婆小院烧烤,VmO631680577,吃了几次小区附近这家烧烤，菜品环境都不错，推荐大家使用哈，价格实惠，这次吃的脑花没以前吃的新鲜了。昨晚上我端的有盘牛肉上面发现一根很细小的钢丝球掉下来的细丝。我默默的捡出来了没开腔哈，希望厨房的叔叔阿姨们以后注意一下  。总体还是比较满意
61852,399,韩婆婆小院烧烤,绝望的心动,性价比一般，但是胜在品质还不错，菜品新鲜，我们中午去的，人不多，只有两三桌人，不知道是前台还是是老板买单的时候给我们安排的靠墙的位置，我要求换，她还不是很乐意，本来也那么多空着，最后还是给换了，全称无笑脸…不过餐桌上服务的阿姨人还挺好的，一直帮我介绍怎么烤之类的，烤架只能两边烤，另外两边没有火，不知道没开还是没有，这点不是很好，但是总体来说菜品新鲜，比一般的自助餐品质好，饺子还不错，吃多了会腻，小香猪很棒，扇贝也不错，脑花量很足，就是有点咸，还有很多菜品没吃，像鲫鱼没吃，烧仙草什么的，因为肚子太小了，哈哈哈，下次再去
61853,400,韩婆婆小院烧烤,Wing芳子,味道很不错   之前在温江上班每个月都要来两三次    现在来成都了   每个月还是最少要开车去吃一次   两年来菜品依旧很多很新鲜   服务员嬢嬢些也比较热情   看到空盘就会给你端走    还会观察火的大小    就是去太晚了人有点多需要排队    所以好吃嘴们六点钟之前就要去
61854,401,韩婆婆小院烧烤,偶尔发神经411,菜品比较新鲜，种类少，但烤肉也就那几样常吃！！扇贝又不是多稀罕的，在这简直跟抢样，一会儿出一点，分分钟就被拿完了～这个价位还是有点偏贵！商场里面这个价位菜品种类比这个多！只是菜品质量可能稍微逊色一点
61855,402,韩婆婆小院烧烤,匿名用户,菜品新鲜 味道也不错 吃过好多次了 但是建议多加一点海鱼海产品
61856,403,韩婆婆小院烧烤,Gxj518982025,吃得很满意 不愧是 温江第一烤肉 之前就评价过了。温江区第一奶茶 也在这里.
61857,404,韩婆婆小院烧烤,丑丑还是丑,脑花是真的好吃 ? 强烈推荐
61858,405,韩婆婆小院烧烤,丑丑还是丑,脑花是真的好吃泡椒味的
61859,406,韩婆婆小院烧烤,tTV643478531,可以，经常吃
61860,407,韩婆婆小院烧烤,久欢1141,服务真的越来越差了 虽然都是阿姨很不容易 但是态度真的有点让人吃不下去
61861,408,韩婆婆小院烧烤,丑丑还是丑,脑花是真好吃
61862,409,韩婆婆小院烧烤,qji624478665,一个月来一次吧，这家烤肉菜品是我最推崇的，比较新鲜，价格也合理，味道也不错
61863,410,韩婆婆小院烧烤,Lcd316173091,服务态度越来越差，服务员比客人还歪，
61864,411,韩婆婆小院烧烤,TQp151824301,去的有点迟，菜品一般般
61865,412,韩婆婆小院烧烤,TQp151824301,一般
61866,413,韩婆婆小院烧烤,kXs232558105,就是人太多了，要排队。
61867,414,韩婆婆小院烧烤,QFP206317247,再也不去了，太坑人了，美团定的还不给开发票
61868,415,韩婆婆小院烧烤,那一抹微笑m,最好吃的就是牛肉了，就是炉子是铁网的不好翻容易粘
61869,416,韩婆婆小院烧烤,Gxj518982025,强烈推荐 我都已经来几次了 味道一天比一天好 真心推荐这家自助烤肉。
61870,417,韩婆婆小院烧烤,kxb362218386,味道非常的巴士， 菜品很新鲜 ，服务态度很好 ，环境也很棒！！！
61871,418,韩婆婆小院烧烤,uAx211418327,味道好好吃
61872,419,韩婆婆小院烧烤,Z18628188700,阿姨太度好，随和，我带着幺儿跟老板说，换位子，老板马上就给换了
61873,420,韩婆婆小院烧烤,老朱462,中午到场。菜品已全部摆满。看看都什分新鲜，上桌同伴说都好吃，不摆了，下次还要光临
61874,421,韩婆婆小院烧烤,Z18628188700,菜品新鲜
61875,422,韩婆婆小院烧烤,坏家伙的全盛时代,韩婆婆的性价比一直都是很不错的
61876,423,韩婆婆小院烧烤,Tcn908138144,其他的都没什么  去了四五次了  就是每次叫阿姨们有事  都听不见 要叫好久 聚在一起聊天收盘子 味道什么的都不错的  毕竟也去了那么多
61877,424,韩婆婆小院烧烤,QOz301071009,肉类丰富，菜品干净，环境也比较整洁，味道也不错的，总体来说还比较好，推荐！
61878,425,韩婆婆小院烧烤,匿名用户,菜品可以   就是服务一点都不好  真的 这服务气到了  需要改一下
61879,426,韩婆婆小院烧烤,六十二T,前台服务态度不好   把客人一直晾着也不管 不问
61880,427,韩婆婆小院烧烤,匿名用户,我觉得很好吃 等了两个小时很值得
61881,428,韩婆婆小院烧烤,TiT131948376,价格贵一点点味道是真的非常棒，来过几次了，值得推荐
61882,429,韩婆婆小院烧烤,丑丑还是丑,好吃好吃好吃 真的好吃尤其是那个牛肉和脑花 哇那个味道
61883,430,韩婆婆小院烧烤,能吃葡萄的桃子,没涨价十分良心  这次比以前还多了肥牛 十分的nice
61884,431,韩婆婆小院烧烤,白色剑客,一个人不让吃，事先也不说明！ 肉类算中等偏上，饮品虽少但味道很好！
61885,432,韩婆婆小院烧烤,匿名用户,一般般 不知道为什么那么多人吃 菜品几乎都是冻货 不是很新鲜 体验一般般
61886,433,韩婆婆小院烧烤,匿名用户,还可以，整体环境，菜品都还可以，就是人很多，如果不提前预约的话就得等很久，自助品类还是丰富的，工作人员说了什么也很积极
61887,434,韩婆婆小院烧烤,路口678,嬢嬢些的服务简直不要太好，店子有这么好的生意嬢嬢些最少有一半的功劳，强烈申请老板加工资！！！！ #猪肉# #秘制脑花# #五花肉# #扇贝# #牛肉# #小香肠# #包浆豆腐# #毛肚# #鱿鱼片# #小龙虾# #鸡皮# #香脆鸡脚筋# #烤馒头# #蒜香五花#
61888,435,韩婆婆小院烧烤,FfS529484108,超级喜欢今天的服务员张阿姨 超级热情 服务态度也特别好 另外菜品也很多 很新鲜 烤脑花和五花肉特别好吃 环境也很好 特别适合三五好友约着一起去吃
61889,436,韩婆婆小院烧烤,笑123脸,太好吃了，东西都很划算，味道香香的，还很新鲜。我们是去温江看侄女在财经大学上学，选了好久看评价很高最后决定来这里，真的没上我们失望啊。用老公的话说他上大学的时候如果有这么一家他会天天来吃一顿。上学时对肉的欲望这里完全可以满足。价格也公道。总之很棒。我想以后去肯定去还会再吃。老板的烤肉院子也很休闲舒服。让我感觉像在泰国的户外海鲜自助烧烤的感觉……
61890,437,韩婆婆小院烧烤,BjR972485961,这是什么宝藏店啊，朋友推荐过来的，当时来的时候人还不多，菜品不少也新鲜，味道巴适，特别推荐他家的双椒鲫鱼啊，还有自己弄的小甜品也不错哈，服务阿姨态度也特别好，吃完一盘收一盘……两个人才吃了一百三，可以说是我吃过的自助餐里这个价位的，性价比最高的一家了，真的没踩雷，很棒的用餐体验，前台小姐姐也很漂亮哦?，最后祝老板生意越来越好，以后会常来的??（忽略我的拍照技术）
61891,438,韩婆婆小院烧烤,NBk53698893,味道一如既往的好，菜品没以前丰富了。但是我是来吃五花肉的，他们家的五花肉容易上瘾。 【口味】
61892,439,韩婆婆小院烧烤,SzC916425278,味道巴士
61893,440,韩婆婆小院烧烤,小南瓜作曲家,韩婆婆家依旧很奶思，猪肉涨价了她家都没涨
61894,441,韩婆婆小院烧烤,hNw174172070,去了好几次，每次都吃的很满足，菜品精致老板是实在人
61895,442,韩婆婆小院烧烤,blg440411825,菜品新鲜，服务态度很好，小吃很丰富
61896,443,韩婆婆小院烧烤,lr丶0606,【口味】还可以， 【环境】不错 【服务】可以
61897,444,韩婆婆小院烧烤,瓶子里的小眼睛,客观的说菜是好的新鲜，但是种类少而且腌得很咸。电烤的火也不太好控制，一开始我以为是肉烤焦了苦，后来发现他们的辣椒面有点苦。吃了一会儿真不晓得吃啥了又饿，但东西咸，素材种类不多，小吃，额（︶︿︶）=凸可以忽略不计了，可以说是吃过味道最差的烤肉了，而且来的时候手机没电了，让老板先给安排个位置再团，老板面无表情的表示不行，让必须团了才能安排坐的。服务员倒是热情，老板就呵呵呵了。很不愉快的一次体验以后也不会再去了，看了美团好评去的。真不晓得怎么会有这么多好评
61898,445,韩婆婆小院烧烤,匿名用户,这个店离家比较近，基本上和家人一个月就要去打卡一次，非常不错。
61899,446,韩婆婆小院烧烤,CYNthia_biubiu,好吃呀！不过有个小建议就是希望再加一些酱料，比如甜辣酱！这样就更棒啦！
61900,447,韩婆婆小院烧烤,蒲枫666,真的是非常满意
61901,448,韩婆婆小院烧烤,vLg889998164,服务员还可以，网购没有吸引力还不如不上美团。
61902,449,韩婆婆小院烧烤,jEN192075998, #扇贝#
61903,450,韩婆婆小院烧烤,没有名字的用户99,好吃
61904,451,韩婆婆小院烧烤,匿名用户,还不错，就是一个盘子装得很少，要跑很多趟。水果多，小吃也不错，适合聚餐，不过前提是需要人会烤，不然弄出来很难吃
61905,452,韩婆婆小院烧烤,幸福的朝阳,给爸妈买的，他们说可以
61906,453,韩婆婆小院烧烤,senliachen,来了无数次了。紫薯布丁！
61907,454,韩婆婆小院烧烤,匿名用户,朋友从大一就被我安利，大三了终于有机会来温江，第一件事就是来吃烤肉???中午确实没晚上热闹
61908,455,韩婆婆小院烧烤,璞璞兔,要提前预定 早去有车位 经常去 味道不错 阿姨们的态度也特别好
61909,456,韩婆婆小院烧烤,Ibr449416959,太好吃了，进城第一次吃到这么好吃的食物
61910,457,韩婆婆小院烧烤,匿名用户,经常去  不管谁问烤肉都是推荐你们  今天国庆特意请朋友来吃  前台换了还是老板换了？真是被服务态度恶心吐了  没一个好脸色哦
61911,458,韩婆婆小院烧烤,cc123橙子,菜品和环境都还不错。。。。。。。。。。
61912,459,韩婆婆小院烧烤,C不过尔尔,菜品很一般，不新鲜，服务员服务态度也很差，明明是自助餐，让她多拿一份虾，服务员就说没有了
61913,460,韩婆婆小院烧烤,clJ96265546,带孩子到国色天乡耍，看美团评价来的，第一次来吃，惊喜到了，肉价那么贵，还有这么实惠的烤肉，实属难得，关键还有我爱吃的血肠，太好了。支持一下
61914,461,韩婆婆小院烧烤,飚嫂,离家近，方便，来吃过几次……还好吧
61915,462,韩婆婆小院烧烤,徐爱君JS,好
61916,463,韩婆婆小院烧烤,柴米油盐酱醋醋茶,好吃 牛肉很好吃啦 挺便宜的 爱啦 会再来的
61917,464,韩婆婆小院烧烤,fuV985780968,今天那付账处绿衣小妞态度差  我就问你你拽什么???cnm   不过服务的婆婆态度很好    给婆婆点赞
61918,465,韩婆婆小院烧烤,奶茶娃子,好吃
61919,466,韩婆婆小院烧烤,nqM702455626,太失望了，菜品不好味道也不行，下次不会去了
61920,467,韩婆婆小院烧烤,涵麻麻.656,真的好吃!而且划算!
61921,468,韩婆婆小院烧烤,rfX105725841,之前是朋友带我去吃过一次，然后就觉得味道特别好，吃了那么多家烤肉，对这一家印象最深了。后面也带朋友来吃过好几次了都说味道很赞，并且服务态度也好，后面只要是想吃烤肉了，只要在温江这边的话，这家烤肉一定是首选
61922,469,韩婆婆小院烧烤,Gxj518982025,菜品很新鲜 强烈推荐  性价比超高  服务也很到位 饺子超级好吃 经常会来 #牛肉# #小香肠# #蒜香五花# #布丁# #蒸饺#
61923,470,韩婆婆小院烧烤,小兔1431,全家人都爱吃烤肉、院坝吃烤肉更适合、奶茶也很好喝哦！
61924,471,韩婆婆小院烧烤,enzo385,非常巴适 除了夏天有点热 但是其实很好 吃进去的热量也热掉了 又满足了口腹之欲
61925,472,韩婆婆小院烧烤,匿名用户, #牛肉# #秘制脑花# #扇贝# #茄子# #自助酒水# #蒸饺# #冰粉# #包浆豆腐# #蒜香五花# #布丁#
61926,473,韩婆婆小院烧烤,匿名用户,服务员老阿姨的态度极差，素质极低，后面都没心情吃了，再也不会去吃了 。
61927,474,韩婆婆小院烧烤,刘清汤,【环境】旁边国色天乡玩儿完水就近找个饭店，坐三蹦子三分钟就能到， 【等位】等位有点久 【口味】味道很棒，性价比很高，推荐小香猪鸡皮小腊肠牛蹄筋掌中宝，冰激凌虽然我没吃到但是推荐，因为别人人手一只哈哈哈哈，鹌鹑蛋放蛋挞壳里放点小葱花很有意思，胆固醇高就没吃，各位可以尝试一下，不过尽量早点去，九点过去冰淇淋就没了，总之是个不错的体验 #西昌小猪肉# #秘制脑花# #小香肠# #掌中宝# #鸡皮# #牛蹄筋# #小猪儿肉#
61928,475,韩婆婆小院烧烤,Mamie敏, #五花肉# #扇贝# #布丁# #龟苓膏#
61929,476,韩婆婆小院烧烤,VBZ377401865,环境不错，味道不错
61930,477,韩婆婆小院烧烤,Jid556859693,性价比高
61931,478,韩婆婆小院烧烤,匿名用户,那个鱿鱼片真心臭了，你们闻不出来吗？而且里头服务员些一个二个的就只知道收个盘子，什么都不得帮忙，一个二个板起个脸，真心一般，感觉好评那些夸大了
61932,479,韩婆婆小院烧烤,不忘初心rs,很不错，菜品很多，并没有涨价，味道很好，很新鲜
61933,480,韩婆婆小院烧烤,匿名用户,好吃 菜品都很新鲜 现在的这样良心商家很少了 就是蘸料多种点就好了  希望继续保持啊！ 以后就都在这家吃烤肉了 #秘制脑花# #五花肉# #扇贝# #包浆豆腐# #小土豆# #布丁# #掌中宝# #西昌小猪肉# #香脆鸡脚筋# #蒜香五花#
61934,481,韩婆婆小院烧烤,DSAJI,味道一般般吧，价格比较划算。。
61935,482,韩婆婆小院烧烤,Jid556859693,味道巴适，强烈推荐小猪肉，蒜香五花肉，奶茶和奶茶店一样，安逸
61936,483,韩婆婆小院烧烤,小样469,去过几次了，这次感觉一般吧。。。。
61937,484,韩婆婆小院烧烤,文小扁,味道一般，服务还行，排队的人较多
61938,485,韩婆婆小院烧烤,匿名用户,还行吧，菜品挺多的，但其实吃不了多少，味道一般般
61939,486,韩婆婆小院烧烤,babyface1221,以前每次中午来都有 醋碟，就是冲着醋碟味道好，阿姨说中午厨房没弄，不管中午人是否多，也麻烦把味道一直传承下去，谢谢，今天中午2个人就全喝水了
61940,487,韩婆婆小院烧烤,XiK132229914,真心好吃，种类多，推荐牛肉和秘制鲫鱼，还有蒜香五花肉，哦吼，烤出来简直是。。。不说了，自己试一试，绝对值得推荐 #牛肉# #五花肉# #扇贝# #香菇肉丸# #蒜香五花# #鲫鱼#
61941,488,韩婆婆小院烧烤,匿名用户,昨天不知道哪个食物不新鲜，回去就拉肚子了。哎……
61942,489,韩婆婆小院烧烤,EKs292914258,挺好吃的，超级喜欢这家店哈哈哈哈，后面还来
61943,490,韩婆婆小院烧烤,lm此情可待成追忆,还不错，就是等太久了！！！！！！
61944,491,韩婆婆小院烧烤,pbO980845242,没有海鲜，但是肉都很资格，味道也好！还会再来！
61945,492,韩婆婆小院烧烤,匿名用户,菜品种类很多，价钱也比较便宜！ #扇贝# #茄子# #包浆豆腐# #牛蹄筋# #芝士年糕# #烤馒头# #冰粉# #银耳汤#
61946,493,韩婆婆小院烧烤,匿名用户,真的非常不错啊，这种店，我觉得菜品最新鲜的就是你们家了。要继续保持啊，不要骄傲。
61947,494,韩婆婆小院烧烤,温寒冰biubiubiu,之前看推荐来的，有点失望，菜品很少，而且有的不怎么新鲜，郡肝都有味道了，吃了回来就拉肚子了，66有点不值，奶茶刚开始喝第一口还可以，第二口就开始变苦了
61948,495,韩婆婆小院烧烤,lydiagsoo,味道不错，就是太呛了，哭着吃完，排烟的根本没运行，就是摆设，呛的要命
61949,496,韩婆婆小院烧烤,aoq895732151,很不错，环境也很好，就是烟子太重了。味道也可以，去吃了两次了。
61950,497,韩婆婆小院烧烤,匿名用户,超级好吃！！！现在店面装修得更好看了！！！吃的种类更多了
61951,498,韩婆婆小院烧烤,奕然海然,菜品还算新鲜丰富，有的味道偏咸
61952,499,韩婆婆小院烧烤,奕然海然,菜品还算新鲜，就是不适合夏天去，太热了，
61953,500,韩婆婆小院烧烤,匿名用户,很好吃 #猪肉# #秘制脑花# #扇贝# #掌中宝# #布丁# #牛蹄筋#
61954,501,韩婆婆小院烧烤,奕然海然,夏天不要去了，热死人不偿命，太热了
61955,502,韩婆婆小院烧烤,匿名用户,很好吃，会常来的！！！
61956,503,韩婆婆小院烧烤,GWD503706367,味道很好，特别喜欢脑花，很有特色，牛肉也很巴适。
61957,504,韩婆婆小院烧烤,KjK188118263,永远不会再去，建议大家也别去，第一次去排队排了一小时，八点样子开始吃，吃到十点样子服务员就在你边上说时间要到了，催到你走，服务态度真的太差，今天请朋友吃晚上8点40到，没有生菜不说了，吃了一个小时服务员就在边上催了，我叫把火关小点直接把火给我们关了，一会另一个服务员又在边上阴样怪气，这种店真开不了多久。
61958,505,韩婆婆小院烧烤,匿名用户,味道很不错，真的性价比很好，超级喜欢排骨，而且生意很好，去迟了都要排队的，也可以提前预约。真的可以去试一试，菜品丰富，而且味道很好，推荐排骨，烤脑花，真的这个价格能吃到这样很棒，就是位置比较远，不过这都不是事！ #秘制脑花# #五花肉# #冰粉#
61959,506,韩婆婆小院烧烤,匿名用户,虽然去了四五次了但是菜品真的太少了，已经吃腻了，希望上新菜
61960,507,韩婆婆小院烧烤,匿名用户,好吃，回头客，挺好的实惠，希望大家观顾，下次还来这家 #牛肉# #扇贝# #五花肉# #小香肠# #茄子# #小土豆# #布丁# #蒜香五花# #冰粉# #蒸饺# #芝士年糕# #香菇肉丸# #米酒# #自助酒水#
61961,508,韩婆婆小院烧烤,hCi700765728,好吃好吃，超好吃的
61962,509,韩婆婆小院烧烤,Gxj518982025,菜品好吃 生意超级好 排骨 牛肉 质量都很好 一定会推荐朋友来这里车
61963,510,韩婆婆小院烧烤,OWK283002854,味道好，也很方便
61964,511,韩婆婆小院烧烤,匿名用户,泡椒鲫鱼和脑花。味道特好，，其余的还可以吧，菜品有点少，，小吃很多，环境不错，
61965,512,韩婆婆小院烧烤,匿名用户,菜品种类多，味道巴适，适合朋友聚餐
61966,513,韩婆婆小院烧烤,龙龙龙1234,味道还不错，服务还将就，菜品也还可以，自助嘛，酒水就那样了，扇贝都限制供应，自助就不应该那样，只要没浪费！ #秘制脑花# #鲫鱼# #扇贝# #牛肉# #五花肉#
61967,514,韩婆婆小院烧烤,洛雯爱吃肉,菜品还是可以的，扇贝一点都不好吃，脑花也会有很浓重的腥味。 但是服务态度特别的不好， 我这个人挺爱吃虾的，昨天叫朋友多拿几只虾，服务员就开始甩脸色，老板就当着我的面批评服务员，说你一盘虾放那么多干嘛，没盘放5只就好啦。而且我们排队排了很久，八点过才吃到，很多菜他不给你摆出来了。你除非问她要，她才会很不情愿的给你拿。 我想说的是，既然你们都是做自助餐了。让你们帮忙拿一下还是给好吗？既然你要嫌我们吃的多怎样怎样，那你别做自助餐呀。味道还是可以，就是服务态度太垃圾了。
61968,515,韩婆婆小院烧烤,AraGakiAya,属实不错
61969,516,韩婆婆小院烧烤,匿名用户,很多菜都不新鲜，应该说是很不新鲜，排骨脑花鸭肠…脑花烤了很久都是腥的，我朋友边吃边吐，她说饺子很油腻，酥肉也是，我男朋友觉得他们家的猪肉还挺好吃，我觉得他家烤鲫鱼还挺好吃的，其他菜品就一般，那些阿姨态度说不上好，也说不上不好，我们正好坐在她们前面，全程在我们旁边聊天，我们刚开始来的早没有好多人，问能不能坐中间点，阿姨说，安排你们坐哪儿就坐那儿，换不到。没说的了，反正不会去第二次
61970,517,韩婆婆小院烧烤,阿西八粑粑,环境很不错，菜品种类丰富，干净卫生，强烈推荐哦！老板人很好，
61971,518,韩婆婆小院烧烤,匿名用户,菜品肉类多，但是海鲜类除了鱿鱼和虾好像就没有了，而且虾是熟冻虾，口感不太好，也比较小只，记得很久以前来的时候有超级大只的扇贝，建议老板进一点海鲜啦。总的来说这家烧烤是我打卡最多的烧烤店了，脑花超级好吃啊，每次都要吃好几个，烧仙草和水果沙拉还有布丁还有饺子也很好吃！！！尤其烧仙草，但是饺子好油啊，咬下去一包油…但是牛肉很好吃，小香猪切的太大块了。。每次来都很不好咬～很赞的是，还有肥牛卷，不过它真的好容易粘在那个网网上，建议放在素菜锅底里煮，相当于又可以吃到火锅口感啦，忘了存照片，凑数吧
61972,519,韩婆婆小院烧烤,TDT635257543,味道不错，服务态度很好。环境好。值得去吃：家人朋友来吃价格不贵，
61973,520,韩婆婆小院烧烤,xht587698575,很好啊，人也很多，大爱脑花和肥牛去了很多次了
61974,521,韩婆婆小院烧烤,包子喵呜,味道很好，也很新鲜，而且有很多水果小吃，还有蛋糕，布丁，环境也非常好。 #牛蹄筋# #牛肉# #五花肉# #小土豆# #茄子#
61975,522,韩婆婆小院烧烤,qdr255335497,菜品很齐全，比预想的要好。下次还会光临。
61976,523,韩婆婆小院烧烤,匿名用户,啤酒不行，自助餐的通病，第一次也是最后一次
61977,524,韩婆婆小院烧烤,kkL594626027,味道还是可以 吹爆小香猪五花肉！就是有油烟有点大 #秘制脑花# #西昌小猪肉# #五花肉#
61978,525,韩婆婆小院烧烤,缘分五月824,【环境】不错，味道也还不错，可以考虑
61979,526,韩婆婆小院烧烤,万物有光辉,挺好的。菜很新鲜
61980,527,韩婆婆小院烧烤,xnd359979756,味道很不错，性价比超高，朋友聚会的好地方
61981,528,韩婆婆小院烧烤,mDw338676285,朋友推荐的，第一次去，环境还不错，价格也合理，就是生意太好了，服务员忙不过来，菜品都非常新鲜，熟的太快，忙到吃???搞忘拍照了
61982,529,韩婆婆小院烧烤,琪大爷，臭屁孩。,吃烤肉，一般都会选择韩婆婆，菜品多，小吃也不错，酒水免费。现在好多烤肉店50一个人，不包含酒水，小吃也少的可怜。相比之下，我宁愿多花10多块钱，去吃韩婆婆，性价比相当高！！！！ #西昌小猪肉# #牛肉# #香菇肉丸# #蒸饺# #五花肉#
61983,530,韩婆婆小院烧烤,Ybf605546712,特别好吃 #西昌小猪肉# #牛肉# #五花肉# #扇贝# #烤香蕉# #茄子# #布丁# #小土豆# #毛肚#
61984,531,韩婆婆小院烧烤,nBl168636699,很好吃 服务态度也好 排骨好吃
61985,532,韩婆婆小院烧烤,xnd359979756,用餐环境很不错 适合聚餐 性价比超高 味道巴适
61986,533,韩婆婆小院烧烤,匿名用户, #西昌小猪肉# #五花肉# #扇贝#
61987,534,韩婆婆小院烧烤,太阳也浪荡,才9点多就没啥菜了！而且很多菜后面能看到是从别的已经散场桌子上拿回去重新摆上！
61988,535,韩婆婆小院烧烤,benwangdan,服务太差了，味道还可以，但是烤肉设备不行了  太陈旧
61989,536,韩婆婆小院烧烤,qmb474105132,很好吃哦
61990,537,韩婆婆小院烧烤,Ybf605546712,很好吃，，菜品很新鲜
61991,538,韩婆婆小院烧烤,素璃烟,味道什么的都很不错的
61992,539,韩婆婆小院烧烤,tpZ875637648,请盆友吃饭，很满意还会来
61993,540,韩婆婆小院烧烤,匿名用户,服务态度极差  调料吃完了 喊那老太婆打点 喊我自己去打 我tm来消费的  那我来服务你嘛  还在那儿一直耍手机 真的是够了
61994,541,韩婆婆小院烧烤,狐狸达达。,"吃的很少   基本就是吃水果小吃
而且我们在外面  烟很熏
不怎么好吃
酱料不好吃"
61995,542,韩婆婆小院烧烤,月亮要饿死了,"【口味】还不错吧……菜品都挺丰富  也新鲜  推荐他们家的年糕芝士  烤香蕉是店里特色
【服务】有点搞笑就是那个服务的阿姨   盘子也不收 然后到后面就一边收拾其他桌的一边一个人嘀咕 说我们来得晚又吃很久 ?本来生活不容易 我和朋友也没理她   后面 
她收拾完就直接站在我们旁边一直守着 然后盯着我朋友 ? 我……………………然后我朋友就说 走吧 吃不下 ……表示以后不想来 我……我…… 那天去之前还给他们店打了电话问  到时候他们员工休息我们会不会被收菜 或者说是耽误他们休息时间  ?然后他们说不会的  让我们去就好了 不会收菜和影响 ? #芝士年糕# #鸡皮# #烤香蕉#"
61996,543,韩婆婆小院烧烤,老廖LIAO,不错哦非常满意，好 #扇贝#
61997,544,韩婆婆小院烧烤,Apy188654549,还可以，鸡爪特别好吃
61998,545,韩婆婆小院烧烤,_qqz241376109681,好吃的，牛肉特别嫩的，菜品也丰富
61999,546,韩婆婆小院烧烤,LcS756030935,到位！比火锅好吃，每次来都喜欢脑花儿，和五花肉！ #秘制脑花# #五花肉# #烤香蕉# #银耳汤#
62000,547,韩婆婆小院烧烤,俊哲is,小香猪？还是叫什么，是我的最爱！！！我在温江最喜欢的烤肉就是它了
62001,548,韩婆婆小院烧烤,匿名用户,菜品挺新鲜的 厨房师傅也比较客气 大方 味道也不错 整体服务挺满意的 好评  极力推荐脑花 鲫鱼 扇贝 #扇贝# #鲫鱼# #秘制脑花#
62002,549,韩婆婆小院烧烤,好朋友123.,五花肉和脑花简直是一绝，我一个人吃了4份脑花，原谅我这个胃口好的女汉子，价格也还好，主要是和温江其他烤肉店比起来，这家性价比要高很多，就是桌子有点矮，板凳不是很合适，可能是我这个女汉子胖了的原因，不过阿姨特耿直，而且一会又来拿盘子，一会又来拿盘子，服务特好， 茄子可以放点泡豇豆，因为茄子太大，所以料有点少，???? #西昌小猪肉# #秘制脑花# #牛肉# #五花肉# #小猪儿肉# #生菜#
62003,550,韩婆婆小院烧烤,nWA481695756,"菜品比较干净！种类真的不多！不值69原价，外面商场69类的自助烤肉无论是烤肉还是熟食小吃种类都比这个多，扇贝要问才有，不过扇贝比外面自助餐要大一些，扇贝肉也大些！味道呢也中规中矩，没吃出什么特色！这个价位的话还是去韩吉比较安逸，涮烤一体，菜品也很多！看个人喜欢，如果喜欢这种烤肉的话还是可以来，总得来说，不喜欢不讨厌！
  还有个就是有些菜品只想尝一点，但是又只能端一盘，又吃不完，其实自助餐只想每样吃一点"
62004,551,韩婆婆小院烧烤,匿名用户,第一次来 感觉菜品还不错。蒜泥五花肉。很好次。卫衣不好停车不好停。
62005,552,韩婆婆小院烧烤,匿名用户,第二次吃，比才开张时有改进，围裙也换成新的了，就是爆的油溅了我一脸，带父母第一次去吃，都表示适合年轻人吃。桌子的舀酸汤的勺子掉地上了，找服务员阿姨要勺子让我去收银台拿，到了收银台让我去找服务员在操作柜里面，又去找那位阿姨，还死活不承认在她们操作台，后来有位阿姨过来了解了事情很快就解决了。给个建议，服务行业不是应该想办法帮顾客解决问题吗，我也是做服务行业的，不是想为难谁，只是将心比心，希望改进，谢谢！ #五花肉# #扇贝# #包浆豆腐# #牛肉# #秘制脑花#
62006,553,韩婆婆小院烧烤,匿名用户,味道不错，就是电烤的时候旁边放有煤气罐，感觉不是很安全！
62007,554,韩婆婆小院烧烤,知秋老姐姐, #包浆豆腐# #茄子# #扇贝# #西昌小猪肉# #秘制脑花# #牛肉# #掌中宝#
62008,555,韩婆婆小院烧烤,xht587698575,口味好，也挺干净的，环境也可以。
62009,556,韩婆婆小院烧烤,匿名用户,一直心心念的去吃韩婆婆，结果去了坐了个外面的桌子，灯光昏暗，态度也不好，菜品有点少，问拿扇贝，一直说在做，直到吃完都没做好！很多菜都没有！再也不去了！
62010,557,韩婆婆小院烧烤,ath603009058,菜品丰富，也很资格 每个月林林总总都要买很多东西，如果逐一评论太麻烦，所以特地制作了一个模板，但你看到这段话的时候说明我对此产品非常满意，后来者可以放心大胆购买，当然我并非一个不负责任的买家，如果产品不好我也不会花一番大功夫在这里评论一番……
62011,558,韩婆婆小院烧烤,YTI706243892,味道不错哦 脑花和包浆豆腐推荐 还有五花肉一定要尝一下 下盘还要来 #包浆豆腐# #秘制脑花# #蒸饺# #掌中宝# #五花肉#
62012,559,韩婆婆小院烧烤,zZb107534654,菜品种类多，很不错
62013,560,韩婆婆小院烧烤,林到深处鹿饮溪,来了几次了 这周连续来了两天 有点遭不住 但是真的很好吃 很喜欢脑花 很喜欢很喜欢 吹爆 素菜煮出来也很好吃 #秘制脑花# #毛豆# #烤馒头# #鸡皮#
62014,561,韩婆婆小院烧烤,给月月一个kiss嘛,【口味】菜品味道很好，都是码好了佐料的，当场弄出来的很新鲜。种类丰富。饮料也多，都是正牌饮料。 【环境】干净卫生 【服务】老板很热情 #西昌小猪肉#
62015,562,韩婆婆小院烧烤,莫丫莫丫,不错喔，一如既往的好
62016,563,韩婆婆小院烧烤,uTw938106451,好吃
62017,564,韩婆婆小院烧烤,AraGakiAya,味道可以
62018,565,韩婆婆小院烧烤,白雪土匪,非常好吃的烧烤 院子很大 菜品很多很多
62019,566,韩婆婆小院烧烤,PUl740322725,第一次去，感觉还是不错的，可以的
62020,567,韩婆婆小院烧烤,夜空上的鱼,菜品很好吃很新鲜
62021,568,韩婆婆小院烧烤,vfw809426905,菜品丰富，口感不错，服务也周到
62022,569,韩婆婆小院烧烤,nYK973618200,还不错哟，牛蹄筋好好吃的，建议用锡纸煮，沾点醋再沾点辣椒面，一个人吃了两份 【等位】人超多，难得排队是真的 #鸡皮# #包浆豆腐# #牛蹄筋#
62023,570,韩婆婆小院烧烤,匿名用户,好吃好吃
62024,571,韩婆婆小院烧烤,感觉独简风格, #秘制脑花# #牛肉# #五花肉#
62025,572,韩婆婆小院烧烤,感觉独简风格,非常巴适，不错~不错………………
62026,573,韩婆婆小院烧烤,小吃货的呀,好好吃，很大，在院子里吃的，当时毕业的时候一起聚的餐，安利牛肉
62027,574,韩婆婆小院烧烤,Deacon_,环境还不错，拍照地点不多 菜都很好吃，强推茄子，真的好好吃啊! #茄子# 还有里面的阿姨人很好，我们部门聚餐要拍照，也很热心帮忙
62028,575,韩婆婆小院烧烤,YDl973187648,可以。扇贝比较大。鲫鱼有点味道重了。 #秘制脑花#
62029,576,韩婆婆小院烧烤,_qqw6x1405489939,四个闺蜜高高兴兴去吃烤肉，因烤肉烤网不平，叫服务员换一个人，服务态度态度相当差，起初不愿意换，后来我们紧催，才给换了，而且还是我们自己帮忙提的，结果服务员不太耐烦，接网的时候不知道是无意还是有意，把我朋友的味碟打翻了，还狡辩，这样的服务态度，当真话仗着生意好嗦。
62030,577,韩婆婆小院烧烤,匿名用户,虽然菜品不是很多，但是味道都很不错，服务态度也很好 #干碟# #五花肉# #扇贝# #牛肉#
62031,578,韩婆婆小院烧烤,快乐的不像话, #西昌小猪肉# #秘制脑花# #鲫鱼# #五花肉# #扇贝# #烤馒头# #茄子#
62032,579,韩婆婆小院烧烤,静默如石,经常去，应该算温江自助里很好的了
62033,580,韩婆婆小院烧烤,青春何其相似924,很好
62034,581,韩婆婆小院烧烤,匿名用户,味道还是可以的，阿姨服务态度挺好的，想吃啥子端啥子，就是位置有点偏，其他还好。
62035,582,韩婆婆小院烧烤,limengxue2010,味道不错菜品也多，就是酒水品种有点少
62036,583,韩婆婆小院烧烤,匿名用户,来过几次的了，带了很多朋友来过。这家店也是朋友安利给我的，来了一次觉得不错后面就来了无数次哈哈哈哈哈哈哈哈哈哈哈哈哈哈哈哈哈哈哈哈哈哈哈哈哈哈哈哈。菜品要挑，有的可以，有的就一般。生蚝和扇贝很小，且不是新鲜的。小猪肉和血肠不错，嫩嫩的。 #西昌小猪肉# #五花肉# #小土豆# #血灌肠#
62037,584,韩婆婆小院烧烤,hHk466011905,味道，菜品真心好，吃过他家后再也不想吃其它家烧烤了，小猪儿肉，排骨，小肠，五花肉，扇贝，醪糟小汤圆和烧仙草我可以一样吃两碗，卤鸡脚也巴士得板
62038,585,韩婆婆小院烧烤,JnX904985713,就在家附近，性价比很高，去晚了就没位置了，最好提前预订，好几次都是逛街路过就想吃，然后等啊等，没得办法，嘿嘿
62039,586,韩婆婆小院烧烤,WDz22832040,可以
62040,587,韩婆婆小院烧烤,Kclandy,可以，不错，就是我们那次火太大了，太刺激了
62041,588,韩婆婆小院烧烤,MGR22021961,菜品还是挺新鲜，味道还可以吧，不是很有特色，就是菜品种太少，算下来价格不便宜，牛肉还不错
62042,589,韩婆婆小院烧烤,Lma449445776,院子环境可以，菜比较新鲜，烟子比较少，性价比很高，人很多
62043,590,韩婆婆小院烧烤,rDt695778779,强烈推荐
62044,591,韩婆婆小院烧烤,hxo105385310,还不错，来了两次了，这次是生日来的，和自己朋友，不过感冒了，不敢多吃，第二天也没有咳嗽上火还好！还会再来的！
62045,592,韩婆婆小院烧烤,FyJ100663338,口味一般，扇贝需要自己排队，时间稍微一长就催
62046,593,韩婆婆小院烧烤,Mdh881836835,味道好，菜品很新鲜，经常去，强烈推荐 #秘制脑花# #西昌小猪肉# #鲫鱼#
62047,594,韩婆婆小院烧烤,瓜婆凉,超级好吃 性价比超级高 服务也很好 一定会再来的 #西昌小猪肉# #五花肉#
62048,595,韩婆婆小院烧烤,Zcd228111997,【口味】味道都巴适 【服务】服务态度不行，问有没泡菜，还说有，我们喊拿，还说自己出去买
62049,596,韩婆婆小院烧烤,xfw565809106,味道不错 菜品新鲜 休闲
62050,597,韩婆婆小院烧烤,yang19910515,还可以，感觉菜品太少！环境宽敞！看到朋友去了觉得不错才去的！
62051,598,韩婆婆小院烧烤,voP904257710,服务还可以，就是菜品有点少，而且冬天吃确实有点冷……
62052,599,韩婆婆小院烧烤,xDV299293737,味道好，干净 #西昌小猪肉# #秘制脑花# #掌中宝# #烤香蕉# #干碟# #烤馒头#
62053,600,韩婆婆小院烧烤,匿名用户,菜品少，只有个别酒水在自助范围内，歪嘴酒还另外付费。酒不正宗。小心品尝！
62054,601,韩婆婆小院烧烤,匿名用户,超级好吃，菜品很多。温馨提示，要提前排好队哦
62055,602,韩婆婆小院烧烤,LnK773587880,自助烧烤这个价位来讲还是偏高的  本以为菜品都应该还比较高质量 说实话挺失望的 菜品一般 味道一般 和大学城一比较真还不如去大学城吃那家叫什么名字来着  不是谁的托
62056,603,韩婆婆小院烧烤,锤锤小姐姐,味道不错，菜品很丰富。大人小孩都喜欢。
62057,604,韩婆婆小院烧烤,Upe721570319,菜品不错，服务员态度不好?，好言好语跟她要手套，说我们哪里看到有一次性手套了，只好去吧台要
62058,605,韩婆婆小院烧烤,_qq2dt1386657833,还可以，菜品有更新 ，对的起这个价格
62059,606,韩婆婆小院烧烤,_qqf7h1438744879, #秘制脑花# #西昌小猪肉# #牛肉# #掌中宝# #香脆鸡脚筋# #生菜# #五花肉# #小猪儿肉# #鲫鱼# #茄子#
62060,607,韩婆婆小院烧烤,匿名用户,味道还不错
62061,608,韩婆婆小院烧烤,AUi275196712,很是生气 过号的明明单子上写的顺延三桌 结果过号的来了 根本没有顺延 直接安排 那让我们这些在寒风中苦等一个小时以为下桌就是自己的到哪去诉说委屈? 差评差评 再也不来了
62062,609,韩婆婆小院烧烤,tby0801,整体来说还不错，味道挺好的，生意很好，六点去的，还有车位，人已经挺多的了，不过还不用排队等。服务员服务挺好，收银小姐姐也很有礼貌，服务很好。 【环境】整体环境一般，热闹非凡的感觉，中国人吃饭都这样。下次还会带朋友来吃。值得推荐的商家。脑花好吃，鸡翅也很棒。
62063,610,韩婆婆小院烧烤,Linxy778899,还是不错的，五花肉好吃
62064,611,韩婆婆小院烧烤,hrH338994683,第三次来了很好，到晚上人气也高
62065,612,韩婆婆小院烧烤,sbH915244423,菜品新鲜，味道不错，虽然菜品少了点，但是我喜欢的都有，所以可以
62066,613,韩婆婆小院烧烤,liguaiguai,第二次吃了，菜的品质很好，服务也很认真负责，还会再来的。
62067,614,韩婆婆小院烧烤,pfl856852939,服务员服务态度差，我们一共26个人，从去到餐厅服务员就不停的安排我们要怎么坐，一直不停的说，你们坐不满就不开火，难道他们2个人或者1个人来就不接待了嘛？服务员至少说了不下10遍，这种服务态度还会有人去吃嘛！到8.30左右就没有什么菜了，一问说没得装菜品的盒子，每天都开门玉米生意的难道连这点预算都没有嘛！后面找了一个盒子去，要两个脑花，服务员高速我们盒子大必须要多装，还必须要吃完，真不明白这样的服务还能理直气壮！
62068,615,韩婆婆小院烧烤,永远爱党,好吃
62069,616,韩婆婆小院烧烤,s942809819,味道好 菜品新鲜 不过感觉好像涨价了 环境有点嘈杂 不过这样烧烤吃起来才有气氛
62070,617,韩婆婆小院烧烤,Hdn391851417,非常不错
62071,618,韩婆婆小院烧烤,NNO962239755,真的是太难吃了  一下就烤焦了 必须吃的一滴都不剩？？？真的是日霉了  服务态度还不好  那个像婆婆的阿姨真的是狗
62072,619,韩婆婆小院烧烤,gap631189527,还可以，味道也好，特别是五花肉
62073,620,韩婆婆小院烧烤,qiN843077755,还可以吧 菜看起都不错 下次还去哈
62074,621,韩婆婆小院烧烤,匿名用户,菜品又新鲜的种类还多，烤香蕉和年糕都敲好吃，肉的味道一般般，但是小吃多啊，服务也好，我觉得很不错
62075,622,韩婆婆小院烧烤,Jzx454500241,好吃还不错猪头肉好吃，不过没拍照
62076,623,韩婆婆小院烧烤,匿名用户,不错够新鲜
62077,624,韩婆婆小院烧烤,杨萍12366,想要吃的菜都有，扇贝巴适，鲫鱼味道不错……小猪肉烤来很好吃……很香……整体感觉很满意……算吃过的最好的地方了
62078,625,韩婆婆小院烧烤,Emx536998761,菜品很好，肉质不错
62079,626,韩婆婆小院烧烤,你是我的亮晶晶,菜品都挺好，就是那些服务员大妈些也培训得太好了，一桌人多叫多拿包纸就像要她命样，叫再拿个放菜的凳子也说一桌只能用一个，我真的是无语了，是怕我们拿多了吗，有几个大姐坐那儿都快睡着了?
62080,627,韩婆婆小院烧烤,JIU600403481,服务是真滴热情，真滴好
62081,628,韩婆婆小院烧烤,匿名用户,觉得没有第一次好吃了。也许是我烤的不好。
62082,629,韩婆婆小院烧烤,FHv495266110,味道很好，人很多，菜品很多，要早点预约较好，主要是很好吃哟，不错不错不错
62083,630,韩婆婆小院烧烤,rQi787687505,肉类不咋样，反正看起来不是很干净，
62084,631,韩婆婆小院烧烤,xHR812625775,很不错，菜品丰富，新鲜.......
62085,632,韩婆婆小院烧烤,iyy166894834,菜品新鲜 味道不错?
62086,633,韩婆婆小院烧烤,crw788155281,手机没有电，忘记拍照了！在国色天香那边玩了来，肚子饿
62087,634,韩婆婆小院烧烤,饿饿饿饿饿ee.,第一次去团购的 给我说了号数也没有人带我去 我是自己去找的 服务人员我也不知道怎么说了 全程黑脸无笑容 本来就已经很饿了 让服务员点火 动作太慢了吧 慢悠悠的去拿打火器在慢悠悠的过来 我当时就已经很不爽了 点火啊火买点开搞得机器突然很熏眼睛 我都不晓得说撒了 后来 麻烦服务员拿个东西 不知道阿姨是不是耳朵不好 喊了好几次不搭理 阿姨啊做为服务员不是应该眼睛时刻关注吗  后来喊服务员拿个东西 阿姨就说在旁边什么地方 意思就是自己去拿 唉 服务这方面我是觉得太不满意了 菜品吧自助来说虽然很少 但是都是大众口味 也很新鲜吧 味道还是不错的
62088,635,韩婆婆小院烧烤,匿名用户,小猪排很好吃 粉丝扇贝也不错
62089,636,韩婆婆小院烧烤,mgC160823585,还不错
62090,637,韩婆婆小院烧烤,爽朗的浅月无痕,菜品很齐全，味道很好吃，是这家店的回头客了，很推荐，下次还会再来。
62091,638,韩婆婆小院烧烤,陳年轻,经常这家吃，菜品特别新鲜，酒水免费！非常好
62092,639,韩婆婆小院烧烤,pRb20044877,食材很好很新鲜，种类也比较多。那些 牛肉排骨郡肝一看就是好材料，饮料品种也多，而且都是品牌的，可以放心喝。服务不错，环境卫生也很好！！强烈推荐
62093,640,韩婆婆小院烧烤,vPt121120027,菜品种类不多，但味道还不错，每次都吃得很撑
62094,641,韩婆婆小院烧烤,EDwie,菜品很不错 最喜欢脑花鲫鱼和香蕉 超级推荐 很好吃
62095,642,韩婆婆小院烧烤,冰阔乐配火锅儿,菜品丰富，味道偏咸。围裙不干净很多油，无抽油烟的，希望改进
62096,643,韩婆婆小院烧烤,匿名用户,好吃 可以哈 下次都还要来
62097,644,韩婆婆小院烧烤,莫莫up,我觉得很不错了！就是夏天天气热了！建议增加风扇
62098,645,韩婆婆小院烧烤,xHU678560289,菜品种类少，不过味道不错，最喜欢的还是菜叶包着牛肉吃，此外鸡脆骨也不错。院子挺大，停车方便
62099,646,韩婆婆小院烧烤,TOp382597485,第一次去，菜品很丰富，新鲜，味道很棒，下次还会去
62100,647,韩婆婆小院烧烤,匿名用户,菜的味道是很好很棒！吃了很多！可是就是环境……有点烟太重了??
62101,648,韩婆婆小院烧烤,CHEN冠予,菜品不错，位置也很大，味道也不错，但是最后买单的时候老板没有说我们单点的一扎啤酒朋友给过钱了，导致最后我买单又给了一次扎啤的钱
62102,649,韩婆婆小院烧烤,雨木木爱木子,"烧烤很好吃,感觉不错喝的也很好"
62103,650,韩婆婆小院烧烤,dUT814913472,赞就完事，茄子和五花肉好吃到不行，下次来温江也要吃韩婆婆小院烧烤。(ps:虽然等了很久，但是老板也腾了一个大桌让我们两个人坐，比心比心。)
62104,651,韩婆婆小院烧烤,sbK316145255,味道很好，份量也合适，各种菜都可以吃到，不用担心吃不完
62105,652,韩婆婆小院烧烤,我是小可爱麦,吃很多次了 菜品一直都是棒棒哒 菜品新鲜 值得你们去吃一次！
62106,653,韩婆婆小院烧烤,味知道89,好吃的扳
62107,654,韩婆婆小院烧烤,松果果果,挺好的，夏天有点热
62108,655,韩婆婆小院烧烤,味知道89,味道八十
62109,656,韩婆婆小院烧烤,匿名用户,去得比较晚，好些菜品没有了，阿姨服务态度很好，糕点不错，为他家五花肉、小猪肉、茄子打call，五花肉配生菜真是绝配，太饿了光顾着吃，没有拍照！配上冰镇冷饮，真心不错。
62110,657,韩婆婆小院烧烤,xxx2hangSA,还行呀，味道可以，吃得太撑了，环境挺好的
62111,658,韩婆婆小院烧烤,lightchengang,第一次吃，之前都是看到朋友的朋友圈在发，感觉不错的样子，就迫不及待的想去试试。结果果然不负期待：菜品很新鲜，也是蛮多的。很多烤肉店用的牛肉都不正宗，这个韩婆婆是用的真牛肉，很有嚼劲。还有小猪儿肉，小肠，五花肉真的巴士！喜欢喝啤酒的朋友，伴着种类繁多的烤肉，真是畅快极了！还有很多小吃，水果，蒸饺真不错，拿来卖早餐，憋憋火爆！店家环境也很好，有专门的停车区，而且商家没有像其他店那样密密麻麻的摆多张桌子，每一桌都间隔较宽，很宽敞，感觉很不错。这个夏天！就是你了，韩婆婆，没得错！
62112,659,韩婆婆小院烧烤,Chu681435264,满心欢喜去的，说实话不值这个价，感觉牛肉和排骨有味道，环境太热，喊整个风扇给你说的没有插住，喊换个位置，说的你们四位，本来不想留位置，意思有位置给你坐就对了！再不的去了
62113,660,韩婆婆小院烧烤,Yoyo瑶Gggg,环境还不错 就是有点热 哈哈哈哈哈哈哈
62114,661,韩婆婆小院烧烤,DgF327616886,菜品质量没得说，味道也很好，而且能及时供应，鲫鱼，牛肉，贝壳都大量供应，完全没必要抢菜，我觉得适量拿取，大家吃的开心，也没必要浪费，啤酒是青岛的，也挺好，提一点建议，这个天得来点必须冰镇的了！
62115,662,韩婆婆小院烧烤,cpx646456594,味道相当巴适，都是很久去吃的，忘了评价了，值得大家去吃
62116,663,韩婆婆小院烧烤,鬏鬏鬏鬏,味道好，食材很新鲜，要吃提前打电话预约
62117,664,韩婆婆小院烧烤,匿名用户,味道很好，大院子里面，用餐环境也还不错，但是性价比超高的，菜品挺多的也很新鲜，去温江找朋友玩朋友推荐去吃的，感觉很划算，赞赞赞
62118,665,韩婆婆小院烧烤,匿名用户,太棒了真的，肉特别多好吃，质量很好没有那种合成肉，饮料也很正宗。强烈推荐
62119,666,韩婆婆小院烧烤,uQu594093137,味道真的不错，有特色，我喜欢，下次再来
62120,667,韩婆婆小院烧烤,匿名用户,还可以
62121,668,韩婆婆小院烧烤,蜗牛xb,第一次吃感觉很不错，下次还会来
62122,669,韩婆婆小院烧烤,Eow138653546,排队的时候就让他们验证，不验证。等了至少30mim.，吃完饭，2个多小时过去了。也忘记问他们要不验证的事了。吃完出了门口，服务员一声大叫让我买单，辛亏人少哈！你们的意思是我故意嘛！往回走，店员全都看我，呵呵，你们店真有水平！
62123,670,韩婆婆小院烧烤,匿名用户,其实我觉得没得评论那么神，飞噗噗跑起切吃，回来一家人抱到水瓶喝，………然后，就这样……去喝水了……
62124,671,韩婆婆小院烧烤,匿名用户,味道还是可以，就是菜品感觉有点少
62125,672,韩婆婆小院烧烤,匿名用户,我们7点去的，进去时看到别人都拿了虾的，我去拿时都没得了，之后也没上，火有点大，菜品放上去一会就烤糊了，火稍微关小一点就熄火了，喊服务员开哈火态度一点都不好，之后还是火大了，我都不敢自己调小，喊的另外一个服务员调的，结果火又熄了，我都没心情吃了！
62126,673,韩婆婆小院烧烤,匿名用户,都很好吃，强烈推荐烤茄子和烤脑花，超香。另外蒸饺也很好吃哦
62127,674,韩婆婆小院烧烤,GfA763885495,好好好，全五分
62128,675,韩婆婆小院烧烤,iUq472181930,非常巴士，菜品好味道好，性价比高
62129,676,韩婆婆小院烧烤,xyp928347013,还不错的一款烤肉，以后还会多多光顾！
62130,677,韩婆婆小院烧烤,iJC998904241,菜品不是很新鲜 不值这个价 服务态度不错
62131,678,韩婆婆小院烧烤,toy978750898,说实话这就像看到自己喜欢的想分享又怕被别人占有的感觉，但是我还是要强推，真的很好，菜品新鲜，味道不错，就是桌子感觉设计的有点不舒服，腿放不开，其他都蛮好的，以后再来！！
62132,679,韩婆婆小院烧烤,汪汪_99seven,强烈推荐鲫鱼 鸡皮 脑花 好好吃~ 会再来的
62133,680,韩婆婆小院烧烤,陳年轻,菜品新鲜，聚会所选！强烈推荐！
62134,681,韩婆婆小院烧烤,匿名用户,【服务】前台很牛，一副不屑的样子
62135,682,韩婆婆小院烧烤,vWH947966751,不错，不错，好吃可以，欢迎大家去吃吃
62136,683,韩婆婆小院烧烤,匿名用户,还行吧 服务员态度能力一般 环境还行
62137,684,韩婆婆小院烧烤,陳年轻,菜品新鲜，很不错！
62138,685,韩婆婆小院烧烤,LCZ321544818,好吃，服务好，人蛮多的，早早点去
62139,686,韩婆婆小院烧烤,沫错错,去的时候蛮迟了居然还排队可见老板生意好啊！东西超好吃啊！包浆豆腐扇贝小香肠毛肚强推啊！超好吃！看起来摆菜品的地方小小的。可是东西很多啊！想尝的多一点吃不下了啊！都很好吃。服务员和老板的态度也特别特别好 ！
62140,687,韩婆婆小院烧烤,Ybf605546712,很好的味道，食材也新鲜，
62141,688,韩婆婆小院烧烤,匿名用户,非常好，非常好，第二次来吃，
62142,689,韩婆婆小院烧烤,匿名用户,拉肚子……肉类感觉有点假，都拉肚子
62143,690,韩婆婆小院烧烤,peggy萌筱莜,强烈推荐五花肉和香菇！！！真的超级好吃！！！
62144,691,韩婆婆小院烧烤,瓜婆凉,我也是醉了 一周内吃了两次小院烧烤 但是味道确实好吃的嘛 控制不住的想吃 想到五花肉 牛肉 小猪儿肉就留口水 所以今天又来了 不是周末 生意一如既往的火爆 还好排位很快就吃到了 服务态度很好 味道越吃越好吃了 总之 老板娘人超级大方 你吃的越多 老板越高兴 前提是不能浪费 休息两天准备又去吃 性价比太高了 比吃任何的火锅 串串 烧烤的性价比都高！巴士！
62145,692,韩婆婆小院烧烤,yaya850,菜品多，新鲜。。。二盘又来
62146,693,韩婆婆小院烧烤,匿名用户,菜品很好 酒也有 吃的很开心 下次还来
62147,694,韩婆婆小院烧烤,cEF689416419,菜品新鲜，来了很多次，这次新增了小吃
62148,695,韩婆婆小院烧烤,风儿飘飘tb78,味道非常好，菜品特色新鲜，老板娘服务态度也好
62149,696,韩婆婆小院烧烤,Iwe505969769,还不错，还可以！品种也挺多，内容丰富
62150,697,韩婆婆小院烧烤,lightchengang,第二次吃了，依旧生意好得不得了，基本都是饭点满桌！这老板也是笑惨了！主要菜品都比较新鲜。选择也算蛮多的！不过我倒是有个建议，能不能把菜品在翻新，下架一些菜品，然后在新上一些菜品，这样菜品有变化。那就更棒了！今天就不上图了。
62151,698,韩婆婆小院烧烤,Uow328039340,【口味】一般 【环境】可以 【服务】一般
62152,699,韩婆婆小院烧烤,匿名用户,菜品新鲜，饮料品种太少，觉得烤脑花和鲫鱼没得第一次好吃了，排骨也没得第一次吃好吃，小香猪不是正宗的。没得去西昌的好吃，扇贝没得以前大了，但这个价位跟同等价位的烤肉已经好很多了，反正还是会在来的，聚餐很好的选择，
62153,700,韩婆婆小院烧烤,hMo291298519,味道很不错～以后还会再来
62154,701,韩婆婆小院烧烤,匿名用户,脑花，五花肉，牛肉超级推荐，比火盆划算，小香猪肉也是好吃
62155,702,韩婆婆小院烧烤,lydiagsoo,味道好，肉类品种多，蔬菜品种少了点
62156,703,韩婆婆小院烧烤,longcia,自从在朋友圈看到朋友发的照片就心心念念想去吃。那天去了国色天乡回来以后去的时候没有位置了，只好拿了张名片走了。今天一个早就打电话预约，吃的时候就觉得味道真是太好了，不枉我第一个打电话?每一样都很好吃，特别喜欢脑花，牛肉和五花肉，整个过程中基本上都顾不上玩手机，下次到温江还想再去吃
62157,704,韩婆婆小院烧烤,美团买东,干净，精致，值得购买
62158,705,韩婆婆小院烧烤,倩儿213616,菜品新鲜，很棒，烤盘焦了后很难清理，要是能随时更换烤盘就最好了！
62159,706,韩婆婆小院烧烤,瓜婆凉,超级好吃 生意爆好 62元的自助居然有虾和扇贝 关键是所有肉类的品质都很好 绝对不是Y肉假肉 最重要的是味道好吃 品种超级多 肉，素菜，小吃应有尽有 环境也很好 是家庭小院 适合聚会和宴客 老板娘很热情 服务态度好 还是一个大美女呢 性价比太高了 墙裂推荐 建议去的话提前订位置
62160,707,韩婆婆小院烧烤,胖子5920,菜品新鲜，比一般的烤肉店好很多，值得推荐
62161,708,韩婆婆小院烧烤,wym0204,很不错 还回去
62162,709,韩婆婆小院烧烤,mzz493490787,"超级好次  就是去的时候人太多了
排了挺久的队
推荐小猪肉 五花肉 脑花
服务态度也很好
有个超级漂亮的小姐姐 感觉人超级好不知道是不是老板哈哈"
62163,710,韩婆婆小院烧烤,QrH517228832,菜还是很新鲜，品种也多，就是有点小贵
62164,711,韩婆婆小院烧烤,怦然心动Zxy,总体来说还不错，脑花不是很好吃，小猪肉还可以
62165,712,韩婆婆小院烧烤,Bricky123,好吃好吃
62166,713,韩婆婆小院烧烤,hzc798030657,哈哈哈哈哈哈强推那个五花肉，真的超好吃啊！没控制住吃了好多诶
62167,714,韩婆婆小院烧烤,ZlF461694385,味道简直不摆了！强烈推荐！以后朋友聚会都可以去。等到夏天了环境更巴适！鱼的味道可以说是非常的巴适！服务态度也很好！而且价格方面也很实惠！60多元钱菜品又新鲜又好不在于多但是都是精品菜！
62168,715,韩婆婆小院烧烤,浅水鱼clytze,来过很多次了，菜品新鲜，种类多，味道也巴适，下次还来~
62169,716,韩婆婆小院烧烤,林林林夕L,挺好的  非常好吃 菜品很新鲜  很ok
62170,717,韩婆婆小院烧烤,匿名用户,味道还可以，这次提前预约过，所以去了就没等，下次有机会还会再去。
62171,718,韩婆婆小院烧烤,灵灵888899,菜品多味道好环境好
62172,719,韩婆婆小院烧烤,科学君的节操,第一次来，味道很棒。脑花，五花肉，牛肉的味道都很好。下次一定要再来。
62173,720,韩婆婆小院烧烤,xyC716670739,味道很不错  跟女朋友吃了好几次了  强烈推荐
62174,721,韩婆婆小院烧烤,HiD891644569,还不错吧，第二次去了。
62175,722,韩婆婆小院烧烤,TQy679878381,食材很新鲜，自制蘸料还不错，干碟就很一般了。感觉干碟的灵魂就是辣椒面，他家干碟干辣不香，希望老板能再研究研究。环境还不错。场地很大，老板贴心把桌子之间的距离留的很充足，这样感觉用餐环境私人空间很大，很适合三五好友聚会。
62176,723,韩婆婆小院烧烤,uSI63732848,味道还是可以，菜品也很多很新鲜，就是等了一个多小时，人太多了
62177,724,韩婆婆小院烧烤,yj13141314,味道很好，菜品丰富，新鲜，可提前预定位置！不然就要等很久
62178,725,韩婆婆小院烧烤,Shq855813941,环境还可以，味道一般，价格偏贵。
62179,726,韩婆婆小院烧烤,匿名用户,味道不错，尤其脑花、特色鲫鱼不错。性价比不错，还有特色小吃，银耳汤和醪糟粉子
62180,727,韩婆婆小院烧烤,Krl152524164,今天和4个朋友去吃饭超时了半小时收了60的超时费，难道不可以叫个服务员提醒一下嘛！！！店内也未注明及提示、超时要收费，及收费标准啊。这一点需要改进一下、差评……
62181,728,韩婆婆小院烧烤,匿名用户,味道跟不错，菜品很新鲜，很正宗，很少吃到这么正宗的牛肉，虾是鲜虾，太难得了，物有所值！！！
62182,729,韩婆婆小院烧烤,lydiagsoo,肉都非常入味，环境也不错，价格是自助餐里比较贵的，但是却比较值
62183,730,韩婆婆小院烧烤,Pmf320789152,味道确实对的起评价，真的是超级棒，以后有机会还会再去的，唯一一点介意的地方就是菜品太少了，小吃饮料什么的也很少，但是环境很棒，地方也很宽敞，吃的很舒服。
62184,731,韩婆婆小院烧烤,yun88038956,没想到家门口能吃到这么赞的烤肉，种类多，菜品之新鲜，鲫鱼脑花包浆豆腐虾扇贝都很巴适，自己烤也可以烤得很好吃，准备下次带爸妈去吃一次。
62185,732,韩婆婆小院烧烤,dve338647694,菜品新鲜，全程吃肉素菜一样没吃，下次还会来！
62186,733,韩婆婆小院烧烤,流浪的段友,人很多，菜品也很多，不过去的有点早菜品还没有上齐，吃到后面有点腻
62187,734,韩婆婆小院烧烤,TtS392839624,菜品新鲜种类多，老板非常热情，还给我们推荐特色菜！味道那也是很棒哒～位置也非常好找，一定要吃他们家的蒸饺！他们自己包的，味道那是很不错的！
62188,735,韩婆婆小院烧烤,_qqm7n1350868948,菜品很新鲜。很好吃，有种西昌烧烤的感觉，鲫鱼强烈推荐。
62189,736,韩婆婆小院烧烤,正二八经的man,环境不错的……可以约会，聚餐
62190,737,韩婆婆小院烧烤,YpT754503050,菜品少，饮料少，吃了拉肚子，不满意。
62191,738,韩婆婆小院烧烤,正二八经的man,菜品要早点去，不然后面就没有了
62192,739,韩婆婆小院烧烤,匿名用户,味道还可以 场子很大看着非常干净
62193,740,韩婆婆小院烧烤,mxN167998429,人均偏贵，菜很硬，但种类稍微少了一点，不会再去了
62194,741,韩婆婆小院烧烤,高级黑395,真的是太爽了，和男朋友两个人一起去吃的，人多忘记提前打电话预订了，等了一个小时～菜品丰富，肉的味道很香很新鲜，今天很满意
62195,742,韩婆婆小院烧烤,CVT912983577,好吃，下次继续来
62196,743,韩婆婆小院烧烤,toumingsky,价格高了点，味道还是可以，环境一般
62197,744,韩婆婆小院烧烤,匿名用户,就是生意太好，排队时间长，需要提前预约
62198,745,韩婆婆小院烧烤,hznwan,好吃，脑花，小猪肉都好有特色，酒水品种相对少了些！
62199,746,韩婆婆小院烧烤,匿名用户,这家的牛肉，不多说，爽的一匹，其他菜品也不错。
62200,747,韩婆婆小院烧烤,Gmf501083367,菜品特别新鲜，味道特别好，强烈推荐脑花和掌中宝
62201,748,韩婆婆小院烧烤,小李的外卖呢,没有评论说的味道那么好吃，牛肉那些太麻了，扇贝那些都没了，有一点小贵，给个中评吧
62202,749,韩婆婆小院烧烤,匿名用户,味道不错，菜品质量也很好，就是等的时间有点长
62203,750,韩婆婆小院烧烤,好吃又挑嘴。,我都是朋友让我过去吃的，真的很好吃，尤其是小土豆，吃起ming甜的。而且，那个姐姐，非热情的。而且长得好漂亮啊。很以后我都来这家。真的好好吃，下盘切我只吃土豆哈哈。
62204,751,韩婆婆小院烧烤,z你是远方,不错，小院里吃的人很多
62205,752,韩婆婆小院烧烤,莱欧行政部,好吃，味道比较正宗，停车也很方便……
62206,753,韩婆婆小院烧烤,oRj537292529,脑花和鲫鱼好吃，小香肠也好吃，小吃还有粽子，蒸饺，都好吃，哈哈，总之菜品很新鲜，五花肉，小香猪肉，哇，又想吃了
62207,754,韩婆婆小院烧烤,胡须伍.D,服务差，老板娘态度好，不要因为服务员的原因影响今后的客源
62208,755,韩婆婆小院烧烤,lQx739575932,超级棒
62209,756,韩婆婆小院烧烤,stmtxada,菜品新鲜，品种多，小院环境不错，味道也好
62210,757,韩婆婆小院烧烤,涵麻麻.656,超级超级好吃
62211,758,韩婆婆小院烧烤,匿名用户,感觉肉类都很新鲜，看起来也比较干净卫生。 人气很旺，要提前打电话预定。
62212,759,韩婆婆小院烧烤,大雄的爸爸大头,评分有点偏高哈、但是还是不错！现在看来菜品还很新鲜、不晓得时间久了能不能保持初心
62213,760,韩婆婆小院烧烤,匿名用户,要提前排队，菜品不是很足，吃了回家拉肚子?
62214,761,韩婆婆小院烧烤,匿名用户,不错 菜品新鲜 干净卫生
62215,762,韩婆婆小院烧烤,WJt865583796,很不错
62216,763,韩婆婆小院烧烤,丶瘦成一道闪电丶,菜品就不说了，老板娘真的是个大美人，比菜可口。?
62217,764,韩婆婆小院烧烤,Pxd664236315,生意太好咯  11点打电话  都开始排号咯味道还可以  就是酒水品种有点少
62218,765,韩婆婆小院烧烤,姿姿丶,很好吃 脑花啊 五花肉 都hin好吃 吃扇贝最后给吃腻歪了?
62219,766,韩婆婆小院烧烤,混不起走,来了很多次了，还是一如既往的好，菜品都非常巴适
62220,767,韩婆婆小院烧烤,ojml119,味道不错菜品新鲜环境可以
62221,768,韩婆婆小院烧烤,YTs469530526,菜品不多，环境一般，没有网上说的那么好
62222,769,韩婆婆小院烧烤,HiD891644569,东西还不错，种类也多，但是估计是第一次吃这种，弄不好，老板很热情，好评了。
62223,770,韩婆婆小院烧烤,LCo137389358,味道很赞哦 菜品新鲜，非常不错
62224,771,韩婆婆小院烧烤,SnM302916942,很好，菜品很新鲜
62225,772,韩婆婆小院烧烤,QCe784126761,还可以，干碟很不错
62226,773,韩婆婆小院烧烤,BvM374165305,自助的火盆烧烤 菜多 肉多 都是资格的东西 吃的饱饱的 安逸的很 性价比高不说味道还巴适 最爱小猪肉 还会再来
62227,774,韩婆婆小院烧烤,Qts785786818,和朋友一起来 都觉得好吃划算
62228,775,韩婆婆小院烧烤,Mwk290956334,味道很好，价钱也便宜，下次还会来的！
62229,776,韩婆婆小院烧烤,Rxg623674483,菜品新鲜，味道霸道，服务周全，环境巴适，性价比超高！老板娘很漂亮，会经常来～
62230,777,韩婆婆小院烧烤,BvM374165305,太好吃了，每周都来
62231,778,韩婆婆小院烧烤,BvM374165305,安逸巴适！还会再来 
62232,779,韩婆婆小院烧烤,AJI911483598,菜品新鲜～口味丰富～关键是美女老板儿服务周到 吃的开心吃的舒心
62233,780,韩婆婆小院烧烤,盔928,几个朋友一起来吃 很划算 小猪肉很好吃 小肠也很好吃 很划算 很划算 很划算 ！重要的事说三遍！
62234,781,韩婆婆小院烧烤,IMn507622876,性价比很高！环境巴士！
62235,782,韩婆婆小院烧烤,converson8811,每个菜都勾了不同味道，确实好吃，完美，哈哈哈
62236,783,韩婆婆小院烧烤,Nyc607127965,口味上乘，温江一流！
62237,784,韩婆婆小院烧烤,小哪吒挑龙筋,牛肉四方形的一小块，肥瘦相间，入口很Q弹，仿佛在舌尖跳舞，特别的棒
62238,785,韩婆婆小院烧烤,先佑,强迫写15个字，没意思！还好！！！！！！！！！！
62239,786,韩婆婆小院烧烤,_qqtn21398840984,我价格便宜 菜品不错 满足多种口味需求
62240,787,韩婆婆小院烧烤,田云龙123,味道真的不错，朋友都喜欢吃。今天还是比较幸运的，去了没有排队，坐下之后人瞬间好多。
