店铺名称,用户名,评论
五味鲜肉抄手（温江总店）,呵呵呵呵哈哈咿呀,五星推荐⭐️⭐️⭐️⭐️⭐️ 很有特色的一家店铺，早上中午晚上一日三餐都囊括👍👍👍 特色菜品特别多，整个操作间都是可视，很干净卫生，吃的也放心👏👏 菜品都特别新鲜👍 他家的抄手确实不错，小份都完全够，肉很多😋😋好吃就行和老公两个人吃的都比较撑，店家还送了我们一人一份凉糕，天啦，太有心了👍👍👍👏👏👏实力推荐店铺很好找，就在地铁口出口那里，开了很多年的老店了😁 真心不错😄 鸡丝凉面味道也不错，还可以打包，凉菜，卤菜都有，晚上还有烧烤简直了☺️
五味鲜肉抄手（温江总店）,袂卜笙収,"【口味】点了鲫鱼汤抄手和干拌抄手，鲫鱼的汤很好喝，干拌的味道真的是一级棒，推荐推荐。鸭头也很入味，越吃越辣，很好吃。凉面无功无过，和其它店的差不多。卤拼也不错  没吃完还打包了，店家还送了两份凉糕，爱了爱了。
【服务】到了店里说是霸王餐也没有区别对待，上菜速度很快。"
五味鲜肉抄手（温江总店）,枫叶21220,请成都的朋友到五味抄手吃抄手，虽然我已经是他们的忠实粉丝了，还是要给各位吃货们推荐一下。这家百年老店，他家的抄手是我吃过的最好吃的抄手，怪味抄手是我的最爱，兔头鸭头与卤菜也不错。我最喜欢大鸡爪还有烧烤
五味鲜肉抄手（温江总店）,zwJ778932533,总的不错，鲫鱼汤抄手不错，有特色
五味鲜肉抄手（温江总店）,MQy412314208,吃一次就晓得了，绝对不想吃第二次
五味鲜肉抄手（温江总店）,qj198561,非常不错呢，下次再来。上菜也快，味道可以，性价比高
五味鲜肉抄手（温江总店）,匿名用户,味道太咸了，吃着不利于健康啊！
五味鲜肉抄手（温江总店）,qj198561,找到合口味的凉面了，真是不错呢，下次还来？
五味鲜肉抄手（温江总店）,WFS915028952,可以，自己小轻松一下，吃点东西，味道好。环境干净。
五味鲜肉抄手（温江总店）,EjZ392564035,好吃是好吃的。如果可以改良一下我觉得可少点油。
五味鲜肉抄手（温江总店）,,
五味鲜肉抄手（温江总店）,匿名用户,非常不错，值得再来
五味鲜肉抄手（温江总店）,Dze980787769,味道不错，还送了凉糕，服务态度很好
五味鲜肉抄手（温江总店）,雪因子,这次就餐整体感觉很赞，比较满意的方面有：口味、环境。
五味鲜肉抄手（温江总店）,chenhuaihong,此次用餐总体来说不错，觉得比较认可的地方有：口味。
五味鲜肉抄手（温江总店）,GZW龚振伟,这次就餐整体感觉很赞，比较满意的方面有：口味、环境、性价比、服务、团购接待。
五味鲜肉抄手（温江总店）,weZ842266697,味道不错
五味鲜肉抄手（温江总店）,维爱吾悔,今天和同事聚餐，店里太多人来吃了，/今天。服务周到，热情，希望五味抄越做越好
五味鲜肉抄手（温江总店）,mHF701118747,真的很一般，不如牟抄手好吃，皮厚。这家店我们还没吃就想我们给他们好评，五星是不可能的，两星拿走
五味鲜肉抄手（温江总店）,维爱吾悔,味道不错，吃的海味抄手，还是老味道
五味鲜肉抄手（温江总店）,走黯456,好的很啊
五味鲜肉抄手（温江总店）,Elc992221720,～
五味鲜肉抄手（温江总店）,CBj902768060,服务特别好，菜品也非常丰富
五味鲜肉抄手（温江总店）,ang235319544,这家的鸭头超赞，记得吃热的。
五味鲜肉抄手（温江总店）,YKp276976200,服务很好
五味鲜肉抄手（温江总店）,jvY689175538,温江老字号，味道特别好！
五味鲜肉抄手（温江总店）,gWt334099617,不错
五味鲜肉抄手（温江总店）,Qbj558957558,味道很好 服务业好 价格实惠
五味鲜肉抄手（温江总店）,DZv653120051,好吃的巴适
五味鲜肉抄手（温江总店）,CBj902768060,相当巴适
五味鲜肉抄手（温江总店）,ppo769854557,很好哈
五味鲜肉抄手（温江总店）,JUJU805,红油抄手好评
五味鲜肉抄手（温江总店）,走黯456,要的
五味鲜肉抄手（温江总店）,嘿！一起吃吧。,带了很多朋友来吃都很喜欢，还专门让我打包带走哈哈，三年多了，笔芯
五味鲜肉抄手（温江总店）,gJt166793228,味道没有以前好了，抄手还都煮烂了
五味鲜肉抄手（温江总店）,fdk247146630,味道好的很   简直不摆了
五味鲜肉抄手（温江总店）,默风or,还不错，挺好吃的
五味鲜肉抄手（温江总店）,xiaowang911119,好
五味鲜肉抄手（温江总店）,袁·忠,可以
五味鲜肉抄手（温江总店）,维爱吾悔,卤味鸡爪味道不错
五味鲜肉抄手（温江总店）,qqC869888289,味道不错
五味鲜肉抄手（温江总店）,Dsc937731513,一直很喜欢吃他们家的东西，好吃
五味鲜肉抄手（温江总店）,二十四阿,好吃回头客
五味鲜肉抄手（温江总店）,维爱吾悔,味道不错，这家店
五味鲜肉抄手（温江总店）,万俟匿原,味道不错，经常来
五味鲜肉抄手（温江总店）,JiB956798415,可以
五味鲜肉抄手（温江总店）,枫叶21220,今天过来，帮朋友打包，寄到外地，上次朋友到温江来耍，带他来吃了之后，一直恋恋不忘，特别喜欢吃，兔头，糖醋排骨，与抄手，五花肉把把签，烧烤与抄手无法打包，只能发兔头与糖醋排骨……朋友还是非常满意……
五味鲜肉抄手（温江总店）,JiB956798415,还可以
五味鲜肉抄手（温江总店）,bly820354745,味道不错，份量又够，环境卫生也不错
五味鲜肉抄手（温江总店）,雪语梦,味道不错
五味鲜肉抄手（温江总店）,驼驼驼驼驼哦,很好
五味鲜肉抄手（温江总店）,GtI963513131,很bu
五味鲜肉抄手（温江总店）,oRQ327235115,好
五味鲜肉抄手（温江总店）,Rlr795446080,味道好，服务好
五味鲜肉抄手（温江总店）,EjL596494057,服务态度很好，环境也不错。抄手很好吃
五味鲜肉抄手（温江总店）,_qqwsd1333821650,好，服务态度太好了！
五味鲜肉抄手（温江总店）,pqs542780105,味道不错
五味鲜肉抄手（温江总店）,Yz2205,全温江最好吃的抄手认真的
五味鲜肉抄手（温江总店）,viR773820115,服务很好
五味鲜肉抄手（温江总店）,jtd219907833,好吃，方便
五味鲜肉抄手（温江总店）,RZr112966984,好吃，分量足
五味鲜肉抄手（温江总店）,nHi252739480,100086个好评
五味鲜肉抄手（温江总店）,URn900165363,味道很好
五味鲜肉抄手（温江总店）,NOV395765019,味道很好，吃过几次了！
五味鲜肉抄手（温江总店）,Mwy297543478,很好吃哦
五味鲜肉抄手（温江总店）,兜兜鱼867,抄手很扎实
五味鲜肉抄手（温江总店）,壮壮0429A,好
五味鲜肉抄手（温江总店）,零下十几度123,老店，经常吃
五味鲜肉抄手（温江总店）,Hds622470795,好吃
五味鲜肉抄手（温江总店）,枫叶21220,特别喜欢吃吃他家的兔头，鸭头，这已经不知是多少次帮朋友寄了，朋友很喜欢……
五味鲜肉抄手（温江总店）,翌日雨涵913,好吃！
五味鲜肉抄手（温江总店）,Pph903266646,味道好
五味鲜肉抄手（温江总店）,墨城之诚,老店了，经常来
五味鲜肉抄手（温江总店）,榮璟,服务很好
五味鲜肉抄手（温江总店）,IZz324867845,千万别点三两，吃不完！
五味鲜肉抄手（温江总店）,HcW705078866,长期吃的。稳当
五味鲜肉抄手（温江总店）,BUx160760520,服务没问题，就是难吃而且贵
五味鲜肉抄手（温江总店）,kOs129353269,好吃
五味鲜肉抄手（温江总店）,Zyf240920877,温江五味抄十多年的老店，今天来尝试果然名不虚传，美味素椒面味道很不错，牛肉绍子干香干香的，有肉香味，值得推荐
五味鲜肉抄手（温江总店）,nci987792205,味道很好，服务到位！
五味鲜肉抄手（温江总店）,wmI941195171,温江最好吃的抄手，份量足，抄手很大一个个的，女生一人吃一两就够了。最推荐鲫鱼汤和海味抄手。他家的面一般。
五味鲜肉抄手（温江总店）,Vera进,现在的服务员都是老板了。
五味鲜肉抄手（温江总店）,QYN214752480,凉拌🐔非常好吃
五味鲜肉抄手（温江总店）,杨猫猫猫猫,好👌🏻
五味鲜肉抄手（温江总店）,frg402475931,好
五味鲜肉抄手（温江总店）,omp871048845,第一次吃饭给评价，刚刚进店点餐就让给好评，没理会走到桌子旁边让给好评，扭到说！点了一份干拌面  自助打汤哪里是昨天的面汤没换 膄了😪 😪面汤都不给打 本来重不评论的 反正要扭到我给好评我就点评一下
五味鲜肉抄手（温江总店）,HHx104447981,不错的体验
五味鲜肉抄手（温江总店）,CKr325642647,鲫鱼汤好喝
五味鲜肉抄手（温江总店）,imD544212674,太棒了！
五味鲜肉抄手（温江总店）,枫叶21220,中午到那边办事，老店了，古色古香，感觉很不错，有卤菜，还有烧烤……
五味鲜肉抄手（温江总店）,幼儿园扛把子王啊,服务态度好
五味鲜肉抄手（温江总店）,TVx295251281,味道好
五味鲜肉抄手（温江总店）,eeX694998052,可以
五味鲜肉抄手（温江总店）,sunjie7191,非常好吃！
五味鲜肉抄手（温江总店）,shq5203344,好吃，吃得差不多才来评论，都吃干净啦 哈哈 😄
五味鲜肉抄手（温江总店）,oQH102448599,非常好
五味鲜肉抄手（温江总店）,Wannn_zy,环境挺好的
五味鲜肉抄手（温江总店）,Hds622470795,棒棒棒
五味鲜肉抄手（温江总店）,走黯456,巴适
五味鲜肉抄手（温江总店）,枫叶21220,不愧是温江抄手的代表，慕名而来，很不错，卤菜味道很好吃，抄手我推荐鲫鱼汤抄手，还有烧烤可惜要晚上去了……
五味鲜肉抄手（温江总店）,Ragdoll364,好吃。
五味鲜肉抄手（温江总店）,BcM461580602,好吃
五味鲜肉抄手（温江总店）,BcM461580602,好
五味鲜肉抄手（温江总店）,lHU999893938,全温江最好吃的抄手
五味鲜肉抄手（温江总店）,笨笨杀神,味道好
五味鲜肉抄手（温江总店）,qAZ20045298,慕名而来 满意而归 麻辣兔头 唇齿留香
五味鲜肉抄手（温江总店）,ABR244804341,环境优美服务巴适！下次还要来！
五味鲜肉抄手（温江总店）,枫叶21220,鲫鱼汤，很新鲜，不错值得推荐……
五味鲜肉抄手（温江总店）,走黯456,冰粉好吃
五味鲜肉抄手（温江总店）,tws333785522,下次还来
五味鲜肉抄手（温江总店）,hAl506301765,这个商家有一点日怪
五味鲜肉抄手（温江总店）,rKV656594805,好吃😋
五味鲜肉抄手（温江总店）,汉子。2084,味道巴士得很，分量也足，真的是一家不可多得的没事😊
五味鲜肉抄手（温江总店）,qVc613850411,面不错。服务撇
五味鲜肉抄手（温江总店）,wAi331315658,味道非常不错
五味鲜肉抄手（温江总店）,JiB956798415,味道不错
五味鲜肉抄手（温江总店）,qianaibb520,好吃
五味鲜肉抄手（温江总店）,JiB956798415,味道很好
五味鲜肉抄手（温江总店）,isp557253045,服务不热情，喊了三次才来点餐
五味鲜肉抄手（温江总店）,tSR103858652,超级好吃
五味鲜肉抄手（温江总店）,YEH269486531,味道非常棒  温江一店抄手第一
五味鲜肉抄手（温江总店）,dsU740970714,老板喊我点五星
五味鲜肉抄手（温江总店）,Ujm353485558,抄手肉馅扎实，好吃
五味鲜肉抄手（温江总店）,WlL771317353,有点小贵
五味鲜肉抄手（温江总店）,WMR751280473,鲫鱼抄手汤鲜个大味道好，环境不错
五味鲜肉抄手（温江总店）,Nav211093354,服务太赞了
五味鲜肉抄手（温江总店）,VXf708549469,棒棒哒
五味鲜肉抄手（温江总店）,WMR751280473,兔头鸭头很有特色，值得推荐
五味鲜肉抄手（温江总店）,rJw343017515,味道不错
五味鲜肉抄手（温江总店）,uiv167697555,点赞，色香味俱全，抄手分量足
五味鲜肉抄手（温江总店）,王斌147258369,味道之好，服务态度很好，一万个赞/:strong
五味鲜肉抄手（温江总店）,JiB956798415,很好
五味鲜肉抄手（温江总店）,我要团购1023,红油抄手还不错，卤味厚味稍欠缺
五味鲜肉抄手（温江总店）,beG328104244,味道很好，每天早上都要来吃
五味鲜肉抄手（温江总店）,ssB631615803,口味不错
五味鲜肉抄手（温江总店）,dtQ363099590,味道巴适，好吃
五味鲜肉抄手（温江总店）,XTJ132036980,味道巴适！
五味鲜肉抄手（温江总店）,WMD884922555,特别好
五味鲜肉抄手（温江总店）,走黯456,好
五味鲜肉抄手（温江总店）,YEH269486531,巴适得板
五味鲜肉抄手（温江总店）,YEH269486531,环境味道非常巴适得板
五味鲜肉抄手（温江总店）,iNG393017005,非常好吃
五味鲜肉抄手（温江总店）,yCS314261538,味道好
五味鲜肉抄手（温江总店）,DavidChouRa,好！很好！非常好！
五味鲜肉抄手（温江总店）,cQU571793098,味道巴士的很‘
五味鲜肉抄手（温江总店）,GAP544722383,服务态度好
五味鲜肉抄手（温江总店）,波波芋圆,一直吃这家。喜欢他们的鲫鱼汤。
五味鲜肉抄手（温江总店）,GAP544722383,味道好
五味鲜肉抄手（温江总店）,nAn312674047,现在态度真牛
五味鲜肉抄手（温江总店）,红杉树949,一直都喜欢这家
五味鲜肉抄手（温江总店）,LRi886480931,味道巴适得板
五味鲜肉抄手（温江总店）,GAP544722383,服务好
五味鲜肉抄手（温江总店）,IxI606456227,很好
五味鲜肉抄手（温江总店）,Tnu558991306,味道好
五味鲜肉抄手（温江总店）,SJy901039000,经常去吃，味道巴适。
五味鲜肉抄手（温江总店）,bwa251382913,好
五味鲜肉抄手（温江总店）,GAP544722383,服务态度很好
五味鲜肉抄手（温江总店）,LlL525814555,菜品很好
五味鲜肉抄手（温江总店）,GAP544722383,菜品不错
五味鲜肉抄手（温江总店）,Brw489974835,还不错，抄手个头大
五味鲜肉抄手（温江总店）,JiB956798415,巴适得很
五味鲜肉抄手（温江总店）,GAP544722383,味道不错
五味鲜肉抄手（温江总店）,Okv349640634,很棒
五味鲜肉抄手（温江总店）,wEi129764267,鲫鱼汤抄手汤浓香份量足好吃
五味鲜肉抄手（温江总店）,Fxw791832245,非常巴适
五味鲜肉抄手（温江总店）,eTk493459012,巴适
五味鲜肉抄手（温江总店）,Teasoso,一次不如一次。 坐半天没人点菜，去收银点，收银员专心玩手机。还强制付款了必须当到面好评。 也没有服务员收拾桌子。 饭都上来了，上桌的碗还在桌子上摆起没人收。
五味鲜肉抄手（温江总店）,干饭飞行日记,非常好吃  每次来温江必吃
五味鲜肉抄手（温江总店）,yOX114227885,兔头丫头味道不错
五味鲜肉抄手（温江总店）,QZa641349893,好
五味鲜肉抄手（温江总店）,kkh199249624,点单的时候收银在结头一天的账 当时几个人一起点餐 态度特别不好
五味鲜肉抄手（温江总店）,WlL771317353,就是小贵
五味鲜肉抄手（温江总店）,BeO122353842,清汤抄手的高汤不错～
五味鲜肉抄手（温江总店）,FqG783216920,服务差，量也少，价格还不便宜
五味鲜肉抄手（温江总店）,绮灬,好好好
五味鲜肉抄手（温江总店）,Cruc1ble,味道很不错 第三回吃了
五味鲜肉抄手（温江总店）,周宗山,味道好
五味鲜肉抄手（温江总店）,Elc992221720,很好，经常在这里买吃的，吃了几年了
五味鲜肉抄手（温江总店）,xUY429422625,好吃😋
五味鲜肉抄手（温江总店）,lmu727408265,味道很好！很棒！
五味鲜肉抄手（温江总店）,OcI708245573,很好吃 分量足  本想吃两个味道 结果一个一两我已经撑了
五味鲜肉抄手（温江总店）,Gov972023853,服务态度很好，一直都喜欢吃他家的抄手哈，值得推荐
五味鲜肉抄手（温江总店）,fQm591367071,热情的大姐
五味鲜肉抄手（温江总店）,acM364832082,感觉很有档次感，唯一不太能接受的就是抄手只能1两点
五味鲜肉抄手（温江总店）,gYq573367645,从小吃这家，今天的大鸡脚特别难吃，感觉是陈的。我打包要的四个鸡脚，居然有一个是鸡腿充数～
五味鲜肉抄手（温江总店）,爽多多,巴适的服务和味道
五味鲜肉抄手（温江总店）,hzg446673864,环境很不错，别人推荐了很久了，过来后果然很好吃。今天吃的红油抄手，下次想试试怪味抄手，非常推荐
五味鲜肉抄手（温江总店）,pRT501861382,味道好，经常吃
五味鲜肉抄手（温江总店）,LRi886480931,味道巴适得很不错
五味鲜肉抄手（温江总店）,Tli723356545,味道巴适，吃了还想吃
五味鲜肉抄手（温江总店）,pRT501861382,味道不错，下班宵夜都会过来吃。营业时间到凌晨2点。
五味鲜肉抄手（温江总店）,cHl152105900,牛肉面很好吃，怪味抄手也不错。
五味鲜肉抄手（温江总店）,IFR154708369,好吃！味道不错
五味鲜肉抄手（温江总店）,LtO886959132,味道好，服务好，产品新鲜，环境也不错。
五味鲜肉抄手（温江总店）,LtO886959132,超爱你家的红油，香，巴适
五味鲜肉抄手（温江总店）,Lxl980047291,生意好了，服务就差起来了
五味鲜肉抄手（温江总店）,ETN712482250,巴适的板
五味鲜肉抄手（温江总店）,GAP544722383,菜品很好吃
五味鲜肉抄手（温江总店）,Lzy999263324,味道不错
五味鲜肉抄手（温江总店）,胡哥哥1986,多年老店了，鲫鱼抄手是特色
五味鲜肉抄手（温江总店）,rTV894701556,味道非常好，服务员非常热情，不错！！？
五味鲜肉抄手（温江总店）,lyt515818,服务很好
五味鲜肉抄手（温江总店）,卉卉薛,味道好
五味鲜肉抄手（温江总店）,蓝色天涯988,味道好
五味鲜肉抄手（温江总店）,tDo546157696,服务态度好
五味鲜肉抄手（温江总店）,ZKI883795553,温江老字号
五味鲜肉抄手（温江总店）,QEl506867339,味道不错
五味鲜肉抄手（温江总店）,hQZ413252108,味道不错
五味鲜肉抄手（温江总店）,odl546906730,味道好
五味鲜肉抄手（温江总店）,曲终人未散lo,味道好
五味鲜肉抄手（温江总店）,UhA431544950,味道好
五味鲜肉抄手（温江总店）,阿司匹林7710,味道好
五味鲜肉抄手（温江总店）,tRt693727128,服务态度好，味道可以。
五味鲜肉抄手（温江总店）,M小喵米,味道巴适
五味鲜肉抄手（温江总店）,老虎锂离子,很好味道也好
五味鲜肉抄手（温江总店）,mVd715933624,味道不错
五味鲜肉抄手（温江总店）,OLi732230942,环境优美。菜品特色小吃巴士
五味鲜肉抄手（温江总店）,avT574194076,好得很
五味鲜肉抄手（温江总店）,XWb217682492,过来开会随便找了一家，没想到味道很不错，非常好吃😋
五味鲜肉抄手（温江总店）,EyH488224681,味道巴
五味鲜肉抄手（温江总店）,vxt154766186,味美价廉，巴适
五味鲜肉抄手（温江总店）,FHi343799622,味道好，份量足
五味鲜肉抄手（温江总店）,Hra942242268,好吃😊
五味鲜肉抄手（温江总店）,MC.P,服务好  态度好  味道好
五味鲜肉抄手（温江总店）,倾婧爱,态度非常好，味道也好
五味鲜肉抄手（温江总店）,BMi959173414,环境干净，味道不错
五味鲜肉抄手（温江总店）,平湖烟波,味道巴适，干净卫生。
五味鲜肉抄手（温江总店）,LRed301,味道很鲜。
五味鲜肉抄手（温江总店）,沐雨鸯°,味道不错，下次还来
五味鲜肉抄手（温江总店）,cHl152105900,牛肉面超好吃
五味鲜肉抄手（温江总店）,aWS129442834,环境好
五味鲜肉抄手（温江总店）,oMW582477841,真的贵
五味鲜肉抄手（温江总店）,KFN852227116,韭菜太咸
五味鲜肉抄手（温江总店）,yHG658106976,面条分量太鸡巴少了
五味鲜肉抄手（温江总店）,yGE668374978,服务员态度超差👎
五味鲜肉抄手（温江总店）,XHf823867908,价格有点小贵
五味鲜肉抄手（温江总店）,pcn533567677,真贵，红油3俩23
五味鲜肉抄手（温江总店）,LdC143437565,以前的怪味很好吃，现在就只剩怪，没有味了
五味鲜肉抄手（温江总店）,bNl357160234,点菜的时候服务员一直催催催，催命呀，恼火得很，
五味鲜肉抄手（温江总店）,fpR577702278,还好，继续提升与改善
五味鲜肉抄手（温江总店）,老衲.问道,东西挺好，服务很差
五味鲜肉抄手（温江总店）,洛厶雨,喊半天没人点餐，二维码也扫不上，年轻妹儿的服务态度还没得阿姨好！周边好几个顾客都在抱怨服务员催着点单，话听半截就开跑，不晓得现在五味的服务理念是啥子样子！
五味鲜肉抄手（温江总店）,KYb935600716,不好吃烧烤
五味鲜肉抄手（温江总店）,FqG783216920,味道一般
五味鲜肉抄手（温江总店）,GONGLINWO,服务态度太差了，服务员可能比老板还牛，
五味鲜肉抄手（温江总店）,,分量少
五味鲜肉抄手（温江总店）,Qml247000401,东西好吃，但是地板太油，如果客人不小心就会跌倒。
五味鲜肉抄手（温江总店）,pKS975451969,服务态度，点都不好，进去不知道怎么点菜，还凶巴巴的说在桌子上才可以点，而且又贵，又难吃，又少！下次再也不来了！
五味鲜肉抄手（温江总店）,張小丶雲,服务员咋的喃？？我晚上点个一两干拌抄手，你们莫得最低消费门槛嘛？过来重复两遍给我说8块钱，我是不给钱是咋的？？五味的老板招些人要把你的生意搅黄，大晚上的整得鬼冒火！！
五味鲜肉抄手（温江总店）,华尔不实,服务像个大爷，好像要他的东西吃一样
五味鲜肉抄手（温江总店）,Ubu409697423,没啥服务，各个都是大爷
五味鲜肉抄手（温江总店）,jMp656883797,特色
五味鲜肉抄手（温江总店）,xiao0680,希望服务态度能提高，每次都觉得不理不睬的
五味鲜肉抄手（温江总店）,KLn504776276,我喜欢吃
五味鲜肉抄手（温江总店）,iBQ289907630,服务态度太差了，爱理不理的
五味鲜肉抄手（温江总店）,BGR855538186,服务态度不好，
五味鲜肉抄手（温江总店）,ZKn149022175,服务态度不好
五味鲜肉抄手（温江总店）,AlT339844885,味道不错口味正好
五味鲜肉抄手（温江总店）,dWH836557712,二两十六元，是全温江最贵的抄手无疑了
五味鲜肉抄手（温江总店）,dca396425877,不如以前味道好了但还是很不错的
五味鲜肉抄手（温江总店）,XNDYbb,进门坐了很久没人问。服务太差了
五味鲜肉抄手（温江总店）,JjH147739643,上菜慢，服务员不理人
五味鲜肉抄手（温江总店）,OCH614177204,感觉还不错 还没有吃 一会吃吃
五味鲜肉抄手（温江总店）,huang85851845,服务员态度极差
五味鲜肉抄手（温江总店）,ubd667015896,海味操手加了榨菜和腌菜太难吃了，太太太难吃了。没有以前好吃。海味应该只是虾米和香茹。
五味鲜肉抄手（温江总店）,noB215521601,点个餐好好慢
五味鲜肉抄手（温江总店）,QND866221556,兔头赞
五味鲜肉抄手（温江总店）,mse384376295,卫生一般
五味鲜肉抄手（温江总店）,VzZ503298151,服务态度差
五味鲜肉抄手（温江总店）,sYX372632225,性价比不高 素拼味道好
五味鲜肉抄手（温江总店）,多次拒绝陈妍希,一个人吃了50多块钱。烧烤有点小贵，
五味鲜肉抄手（温江总店）,hoY348561184,服务比较差
五味鲜肉抄手（温江总店）,Fxe199515603,将个烂就
五味鲜肉抄手（温江总店）,eileenchen1019,鲢鱼抄手推荐推荐，兔头也好吃，干拌杂酱也美味😋
五味鲜肉抄手（温江总店）,Tim621371965,饭还没吃完，服务员一直在催着买单，一会一次，一会一次，差点就冒火了
五味鲜肉抄手（温江总店）,Olf815480286,好咸啊，不晓得是不是换厨师了，不好吃了。
五味鲜肉抄手（温江总店）,嗯哼1754,服务评分
五味鲜肉抄手（温江总店）,kIi710373223,贵的一P
五味鲜肉抄手（温江总店）,gCT387167472,服务好，味道好，实惠
五味鲜肉抄手（温江总店）,tfh533008916,味道不错
五味鲜肉抄手（温江总店）,树子哥,态度一天不如一天
五味鲜肉抄手（温江总店）,氵氵氵氵氵氵。,不想吐槽了
五味鲜肉抄手（温江总店）,rrk148125400,两陪啤酒二十四想钱想疯了吧？
五味鲜肉抄手（温江总店）,现在有点饿11,点个菜太老火了，服务员全是老太婆一团乱。抄手要10多分钟才上，烧烤半小时才烤好影响吃饭心情。
五味鲜肉抄手（温江总店）,jlP481426784,不错嘛
五味鲜肉抄手（温江总店）,HMk751764291,味道巴适，就是有人在抽烟。
五味鲜肉抄手（温江总店）,Zbg489349009,干杂面比抄手好吃！抄手也很实在，都是瘦肉嘎嘎。还有各种小吃，晚上宵夜也不错
五味鲜肉抄手（温江总店）,开胜幕墙,不卫生
五味鲜肉抄手（温江总店）,DHV267935985,算账 吃个烧烤。算账算半天。到底算不算得对 ？
五味鲜肉抄手（温江总店）,玊玊598,不怎么好吃
五味鲜肉抄手（温江总店）,待良人归来2016,一般般，环境好！卫生
五味鲜肉抄手（温江总店）,撇吃,很一般  很闷
五味鲜肉抄手（温江总店）,DHV267935985,一般
五味鲜肉抄手（温江总店）,waV710047635,上菜速度慢
五味鲜肉抄手（温江总店）,帆帆酱2017,我来吃过很多次了，但是有一点让我很不舒服，我在店里掉了充电器，明明知道服务员捡到了还给我说找不出来！暴露了管理有问题！客人的东西捡了就揣自己包里这不是一个老字号店该有的管理水平，希望你们自己注意
五味鲜肉抄手（温江总店）,king31204,服务差
五味鲜肉抄手（温江总店）,蜗牛快上车带你飞,服务态度不好！
五味鲜肉抄手（温江总店）,bsh462804519,拼菜用的不是新鲜的，差评
五味鲜肉抄手（温江总店）,ioh939519365,环境不错，味道也好
五味鲜肉抄手（温江总店）,ACW777178851,服务态度不好
五味鲜肉抄手（温江总店）,VOQ112986443,好吃
五味鲜肉抄手（温江总店）,敏姐angel,太慢了烧烤
五味鲜肉抄手（温江总店）,Ljz704354002,好吃
五味鲜肉抄手（温江总店）,ma85856304,生意好就觉的很拽了
五味鲜肉抄手（温江总店）,IOZ922744892,一如既往的好！！！兔头特别好吃！
五味鲜肉抄手（温江总店）,暮色晓晓0529,好吃得很
五味鲜肉抄手（温江总店）,BkM579797440,价格飞鸡巴贵 一两9块 二两就要18
五味鲜肉抄手（温江总店）,柒35567,鸭头配面，美滋滋
五味鲜肉抄手（温江总店）,GONGLINWO,菜品可以，对你们的服务一点也不满意，太不满意了，
五味鲜肉抄手（温江总店）,dup165598355,一两抄手加个鸭头，美滋滋
五味鲜肉抄手（温江总店）,AHr494977230,第一次来吃，味道非常不错
五味鲜肉抄手（温江总店）,玻璃心的小兔子,价格贵
五味鲜肉抄手（温江总店）,Mfd485905998,还没吃完打碗面汤，大姐竟然把我的东西收了！
五味鲜肉抄手（温江总店）,dcY268601744,态度太差劲👎
五味鲜肉抄手（温江总店）,npO669135340,温江好抄手很多，这家也不错。味道好的，量也足，环境也可以，人气旺生意好。就是给发票有点吝啬，吃了14元，只愿给10元发票。
五味鲜肉抄手（温江总店）,潇潇子衿449,素面一会少一块，一会不少，一块钱到没啥，不诚信啊
五味鲜肉抄手（温江总店）,GLe732651697,有时间可以过来品尝一下
五味鲜肉抄手（温江总店）,团购波波,常吃常想
五味鲜肉抄手（温江总店）,lIj342740481,鲫鱼汤是他家的特色！干杂面也可以！
五味鲜肉抄手（温江总店）,wKu924665146,又不是很忙   没有先来后到
五味鲜肉抄手（温江总店）,THf790638198,好吃
五味鲜肉抄手（温江总店）,苏啊苏啊0421,服务意识极差，点菜时不问清楚顾客口味。
五味鲜肉抄手（温江总店）,yHC542268759,每天早上都来吃一碗！好好吃了！
五味鲜肉抄手（温江总店）,guA547634529,各方面都还可以'就是有的服务员态度太差了'生怕人家不给钱的感觉
五味鲜肉抄手（温江总店）,vFp622790445,太贵
五味鲜肉抄手（温江总店）,weh203779022,味道鲜美
五味鲜肉抄手（温江总店）,Dom541052268,生意比较好，显得服务没那么到位
五味鲜肉抄手（温江总店）,MKo625928011,就是有点贵哈
五味鲜肉抄手（温江总店）,GTH769470035,安逸
五味鲜肉抄手（温江总店）,yHC542268759,太好吃了！非j香！我从来没吃过这么好吃的！
五味鲜肉抄手（温江总店）,冬冬7342,服务差
五味鲜肉抄手（温江总店）,ADw835263199,好吃，还准备打包兔头回家看电视吃
五味鲜肉抄手（温江总店）,Lpz145056611,多准备点海味抄手吧
五味鲜肉抄手（温江总店）,IOZ922744892,兔头特别好吃
五味鲜肉抄手（温江总店）,mashup1,抽不了真空
五味鲜肉抄手（温江总店）,Bts525357834,好吃！
五味鲜肉抄手（温江总店）,xsZ181662111,态度很差
五味鲜肉抄手（温江总店）,rat776108886,才一点40就打烊   平时都两点
五味鲜肉抄手（温江总店）,tVD164155594,服务差
五味鲜肉抄手（温江总店）,aAl260773188,前台小妹儿态度有待提高
五味鲜肉抄手（温江总店）,fpy372624238,服务态度很一般
五味鲜肉抄手（温江总店）,WBN488445113,点菜的服务员该培训哈了，态度太撇
五味鲜肉抄手（温江总店）,ZL506584872,很好👍
五味鲜肉抄手（温江总店）,VXD613466635,真几把难
五味鲜肉抄手（温江总店）,MHD481099115,偏贵，服务很一般
五味鲜肉抄手（温江总店）,何凡807,服务超级不好！！！！
五味鲜肉抄手（温江总店）,_weixin661971686,好吃
五味鲜肉抄手（温江总店）,izd839432774,非常巴适，经常光顾
五味鲜肉抄手（温江总店）,BPv646864211,点餐太慢，人少了不咋理!
五味鲜肉抄手（温江总店）,fKa327432081,卤菜好吃，抄手好大
五味鲜肉抄手（温江总店）,ndE510679941,全优
五味鲜肉抄手（温江总店）,。。。yo。。。,非常nice
五味鲜肉抄手（温江总店）,IMB851767559,味道环境都棒棒哒
五味鲜肉抄手（温江总店）,fjz176818484,服务真的是丑爆了，点菜一脸不耐烦，说话很难听，叫把东西加热也没加热，敷衍了事。简直完全差评！
五味鲜肉抄手（温江总店）,sdo483982833,很不错
五味鲜肉抄手（温江总店）,ngP612609220,一星扣服务态度
五味鲜肉抄手（温江总店）,来自星星的辣椒,味道一般般搬
五味鲜肉抄手（温江总店）,Tlg842457260,味道很好，服务员要死不活
五味鲜肉抄手（温江总店）,GhU209834958,棒棒打
五味鲜肉抄手（温江总店）,SqJ666909888,可以
五味鲜肉抄手（温江总店）,ZXe578873226,态度超级差
五味鲜肉抄手（温江总店）,UBM969106857,有一点忙
五味鲜肉抄手（温江总店）,LyN694409617,速度慢
五味鲜肉抄手（温江总店）,PrZ607338310,很难吃，肉都是臭的，简直没得吃头
五味鲜肉抄手（温江总店）,lIj342740481,不错
五味鲜肉抄手（温江总店）,iyX323998695,环境好，服务棒
五味鲜肉抄手（温江总店）,我爱么么达达,经常来吃，味道不错。
五味鲜肉抄手（温江总店）,xiao0680,味道好，来过好多次了，但服务员每次都不热情，崩起脸，有待提高
五味鲜肉抄手（温江总店）,ICY751639341,味道不错
五味鲜肉抄手（温江总店）,向阳的小川,老店，虽然有点小贵，但还是经常过来。
五味鲜肉抄手（温江总店）,jjssppo,爆难吃，还一直催你买单，几块钱谁要跑单一样，两个字形容：渣渣
五味鲜肉抄手（温江总店）,_alipay488473461,服务员速度太慢。
五味鲜肉抄手（温江总店）,oKL720152717,味道不错，值得推荐！
五味鲜肉抄手（温江总店）,cZK489989762,服务员知道就行😁
五味鲜肉抄手（温江总店）,hello_panpan,太好吃啦
五味鲜肉抄手（温江总店）,nXL848275052,还不错。
五味鲜肉抄手（温江总店）,aXU193686934,味道很好，味道佳！
五味鲜肉抄手（温江总店）,把莫奈穿在脚上,
五味鲜肉抄手（温江总店）,tws333785522,推荐大鸡爪，鲫鱼汤抄手。
五味鲜肉抄手（温江总店）,qrn893360504,
五味鲜肉抄手（温江总店）,tws333785522,味道好
五味鲜肉抄手（温江总店）,tws333785522,
五味鲜肉抄手（温江总店）,hFu559566752,
五味鲜肉抄手（温江总店）,tws333785522,好吃
五味鲜肉抄手（温江总店）,tws333785522,巴适
五味鲜肉抄手（温江总店）,Ezi907900232,
五味鲜肉抄手（温江总店）,tws333785522,烧烤还可以
五味鲜肉抄手（温江总店）,IFF647737370,
五味鲜肉抄手（温江总店）,tws333785522,味道好，份量足
五味鲜肉抄手（温江总店）,王斌147258369,
五味鲜肉抄手（温江总店）,tws333785522,烧烤味道好
五味鲜肉抄手（温江总店）,tws333785522,服务好环境好，味道好
五味鲜肉抄手（温江总店）,tws333785522,环境好.卤菜味道好.
五味鲜肉抄手（温江总店）,tws333785522,值得推荐
五味鲜肉抄手（温江总店）,tws333785522,环境好，味道好
五味鲜肉抄手（温江总店）,tws333785522,服务好，味道好
五味鲜肉抄手（温江总店）,KUS754883432,烧烤味道还可以
五味鲜肉抄手（温江总店）,tws333785522,卤菜味道好，兔头有特色
五味鲜肉抄手（温江总店）,KUS754883432,卤菜味道不错，烧烤也非常好吃
五味鲜肉抄手（温江总店）,KUS754883432,味道好极了
五味鲜肉抄手（温江总店）,tws333785522,干拌抄手味道好
五味鲜肉抄手（温江总店）,tws333785522,值得推荐的温江名小吃
五味鲜肉抄手（温江总店）,tws333785522,份量足，实惠
五味鲜肉抄手（温江总店）,tws333785522,鸭头味道好巴适
五味鲜肉抄手（温江总店）,Qrh327273671,
五味鲜肉抄手（温江总店）,foofangwhee,每次都会过来吃兔头鸭头抄手，真的好好吃好好吃
五味鲜肉抄手（温江总店）,aHf811880604,
五味鲜肉抄手（温江总店）,pno901912234,666
五味鲜肉抄手（温江总店）,lkx458722988,态度差
五味鲜肉抄手（温江总店）,OGU307810040,又长价了
五味鲜肉抄手（温江总店）,DCm631830609,巴适得板！白味红味杠杠滴
五味鲜肉抄手（温江总店）,xsw413805223,性价比不高
五味鲜肉抄手（温江总店）,南无阿弥陀佛师姐,东西不错，味道巴适，烧烤特别好吃😋！
五味鲜肉抄手（温江总店）,oOu447618801,很好吃
五味鲜肉抄手（温江总店）,GVQ988240697,味道不错，温江老字号
五味鲜肉抄手（温江总店）,s1244699919,超级好吃，店面还干净整洁，大大的好评
五味鲜肉抄手（温江总店）,待良人归来2016,味道不错👍🏼店铺装修干净
五味鲜肉抄手（温江总店）,Rji223207487,味道不错
五味鲜肉抄手（温江总店）,asv827031090,方便  快捷
五味鲜肉抄手（温江总店）,aIY400744740,对于素食不吃葱蒜的客人，解释一下还是可以吃！
五味鲜肉抄手（温江总店）,mzV854159795,第二次吃
五味鲜肉抄手（温江总店）,KBd202805736,自从第一次来吃过以后，就喜欢来这里吃抄手了
五味鲜肉抄手（温江总店）,EOA242094901,
五味鲜肉抄手（温江总店）,FKK224758018,b
五味鲜肉抄手（温江总店）,Jamila锦,
五味鲜肉抄手（温江总店）,INh418020072,
五味鲜肉抄手（温江总店）,tnH476738466,价格贵了些。好吃。。
五味鲜肉抄手（温江总店）,Cpb837985746,老板发红包
五味鲜肉抄手（温江总店）,PEL159862166,好吃😋
五味鲜肉抄手（温江总店）,RrZ730493717,
五味鲜肉抄手（温江总店）,adY191337306,
五味鲜肉抄手（温江总店）,龙飞汇,
五味鲜肉抄手（温江总店）,F美丽且仙女,
五味鲜肉抄手（温江总店）,fufu3388,
五味鲜肉抄手（温江总店）,Bloodmarry521,
五味鲜肉抄手（温江总店）,香辣大白菜,
五味鲜肉抄手（温江总店）,Eqc105285049,
五味鲜肉抄手（温江总店）,大帅哥就选你,
五味鲜肉抄手（温江总店）,ytj539178598,
五味鲜肉抄手（温江总店）,OOv963071722,
五味鲜肉抄手（温江总店）,qPf154917085,
五味鲜肉抄手（温江总店）,pVt367375341,
五味鲜肉抄手（温江总店）,维爱吾悔,
五味鲜肉抄手（温江总店）,我心永桓434,
五味鲜肉抄手（温江总店）,jfu493611113,
五味鲜肉抄手（温江总店）,Iia611417387,
五味鲜肉抄手（温江总店）,CNF103719000,
五味鲜肉抄手（温江总店）,奔跑的回锅肉,
五味鲜肉抄手（温江总店）,实现未来714,
五味鲜肉抄手（温江总店）,InL793045327,
五味鲜肉抄手（温江总店）,hXk529254482,
五味鲜肉抄手（温江总店）,JZA374575677,
五味鲜肉抄手（温江总店）,石头小鑫,
五味鲜肉抄手（温江总店）,Xp建,
五味鲜肉抄手（温江总店）,bHW331257901,
五味鲜肉抄手（温江总店）,svj792075680,
五味鲜肉抄手（温江总店）,lbF733590451,
五味鲜肉抄手（温江总店）,vgA345518605,
五味鲜肉抄手（温江总店）,Nov595070254,
五味鲜肉抄手（温江总店）,GJW457078321,
五味鲜肉抄手（温江总店）,KUS754883432,
五味鲜肉抄手（温江总店）,SwaggyHr,
五味鲜肉抄手（温江总店）,oRe56631695,
五味鲜肉抄手（温江总店）,cQU571793098,
五味鲜肉抄手（温江总店）,LlL525814555,
五味鲜肉抄手（温江总店）,kVF465231935,
五味鲜肉抄手（温江总店）,Elc992221720,
五味鲜肉抄手（温江总店）,空雨746,
五味鲜肉抄手（温江总店）,JCf133727999,
五味鲜肉抄手（温江总店）,tYt167277575,
五味鲜肉抄手（温江总店）,gJM497808677,
五味鲜肉抄手（温江总店）,YSU547727480,
五味鲜肉抄手（温江总店）,tGj739756479,
五味鲜肉抄手（温江总店）,cen768667103,
五味鲜肉抄手（温江总店）,LRi886480931,
五味鲜肉抄手（温江总店）,圆桃子九九,
五味鲜肉抄手（温江总店）,cVP845820075,
五味鲜肉抄手（温江总店）,白若初,
五味鲜肉抄手（温江总店）,eKm666061284,
五味鲜肉抄手（温江总店）,PYW535342707,
五味鲜肉抄手（温江总店）,ZZZ671672702,
五味鲜肉抄手（温江总店）,zXK589048179,
五味鲜肉抄手（温江总店）,WKL893913826,
五味鲜肉抄手（温江总店）,qoa710022594,
五味鲜肉抄手（温江总店）,EKJ813547692,
五味鲜肉抄手（温江总店）,QXI895065940,
五味鲜肉抄手（温江总店）,李健5106,
五味鲜肉抄手（温江总店）,viv207559659,
五味鲜肉抄手（温江总店）,Xly549866171,
五味鲜肉抄手（温江总店）,ABV650968888,
五味鲜肉抄手（温江总店）,kSK121486417,
五味鲜肉抄手（温江总店）,蟹黄鲍鱼面,
五味鲜肉抄手（温江总店）,QFB496932366,
五味鲜肉抄手（温江总店）,LjS605242449,
五味鲜肉抄手（温江总店）,vWD830776621,
五味鲜肉抄手（温江总店）,ySb395884171,
五味鲜肉抄手（温江总店）,gbE303841782,
五味鲜肉抄手（温江总店）,HHx104447981,
五味鲜肉抄手（温江总店）,Tso457134453,
五味鲜肉抄手（温江总店）,NvD362467034,
五味鲜肉抄手（温江总店）,QzH450305046,
五味鲜肉抄手（温江总店）,tUK933133426,
五味鲜肉抄手（温江总店）,_qq2ts1358571425,
五味鲜肉抄手（温江总店）,AWJ463672904,
五味鲜肉抄手（温江总店）,fEZ236420621,
五味鲜肉抄手（温江总店）,lHR896116438,
五味鲜肉抄手（温江总店）,ZJj602360971,
五味鲜肉抄手（温江总店）,FRH328587194,
五味鲜肉抄手（温江总店）,hqP537019959,
五味鲜肉抄手（温江总店）,XhO879564413,
五味鲜肉抄手（温江总店）,有你我不怕黑312,
五味鲜肉抄手（温江总店）,lRB707751928,
五味鲜肉抄手（温江总店）,AJC326868686,
五味鲜肉抄手（温江总店）,swW875710908,
五味鲜肉抄手（温江总店）,ApT183317305,
五味鲜肉抄手（温江总店）,走得快的豆沙哥,
五味鲜肉抄手（温江总店）,Lec892096838,
五味鲜肉抄手（温江总店）,hko75602951,
五味鲜肉抄手（温江总店）,pYn333675821,
五味鲜肉抄手（温江总店）,卢大学,
五味鲜肉抄手（温江总店）,wJX387677212,
五味鲜肉抄手（温江总店）,英J888,
五味鲜肉抄手（温江总店）,sYu847196220,
五味鲜肉抄手（温江总店）,QoG856080752,
五味鲜肉抄手（温江总店）,为什么取不起名字,
五味鲜肉抄手（温江总店）,ZDE623037226,
五味鲜肉抄手（温江总店）,明琰天下,
五味鲜肉抄手（温江总店）,gWt801522059,
五味鲜肉抄手（温江总店）,Onethen,
五味鲜肉抄手（温江总店）,gkT857341322,
五味鲜肉抄手（温江总店）,FnP201851445,
五味鲜肉抄手（温江总店）,ZGU102274849,
五味鲜肉抄手（温江总店）,pMj599183265,
五味鲜肉抄手（温江总店）,NVu407528133,
五味鲜肉抄手（温江总店）,美联社王源,
五味鲜肉抄手（温江总店）,tBF371309095,
五味鲜肉抄手（温江总店）,yhdmba,
五味鲜肉抄手（温江总店）,WSg230501051,
五味鲜肉抄手（温江总店）,cTy372122876,
五味鲜肉抄手（温江总店）,pKc226349260,
五味鲜肉抄手（温江总店）,Fln565475277,
五味鲜肉抄手（温江总店）,pOc527337018,
五味鲜肉抄手（温江总店）,彬彬点餐,
五味鲜肉抄手（温江总店）,MfI293806832,
五味鲜肉抄手（温江总店）,wJA510091509,
五味鲜肉抄手（温江总店）,hCf930357524,
五味鲜肉抄手（温江总店）,Ubi380547494,
五味鲜肉抄手（温江总店）,xDL551044654,
五味鲜肉抄手（温江总店）,XET806764778,
五味鲜肉抄手（温江总店）,Tpm91765247,
五味鲜肉抄手（温江总店）,ZNy176841408,
五味鲜肉抄手（温江总店）,Drommeland,